-- phpMyAdmin SQL Dump
-- version 4.9.1
-- https://www.phpmyadmin.net/
--
-- Host: 127.0.0.1
-- Generation Time: Oct 16, 2019 at 11:18 PM
-- Server version: 10.4.8-MariaDB
-- PHP Version: 7.1.32

SET SQL_MODE = "NO_AUTO_VALUE_ON_ZERO";
SET AUTOCOMMIT = 0;
START TRANSACTION;
SET time_zone = "+00:00";


/*!40101 SET @OLD_CHARACTER_SET_CLIENT=@@CHARACTER_SET_CLIENT */;
/*!40101 SET @OLD_CHARACTER_SET_RESULTS=@@CHARACTER_SET_RESULTS */;
/*!40101 SET @OLD_COLLATION_CONNECTION=@@COLLATION_CONNECTION */;
/*!40101 SET NAMES utf8mb4 */;

--
-- Database: `gica`
--

-- --------------------------------------------------------

--
-- Table structure for table `actions_non_planif`
--

CREATE TABLE `actions_non_planif` (
  `N` int(11) NOT NULL DEFAULT current_timestamp(),
  `Action` varchar(255) DEFAULT NULL,
  `Objectif` varchar(510) DEFAULT NULL,
  `Structure` varchar(255) DEFAULT NULL,
  `Effectif_reel` int(11) DEFAULT NULL,
  `Nbre_participation` int(11) DEFAULT NULL,
  `Duree` int(11) DEFAULT NULL,
  `Debut_formation` date DEFAULT NULL,
  `Cout_previsionnel` int(11) DEFAULT NULL,
  `Organisme_formation` varchar(255) DEFAULT NULL,
  `Lieu_formation` varchar(255) DEFAULT NULL,
  `Periode_evaluation` varchar(255) DEFAULT NULL
) ENGINE=InnoDB DEFAULT CHARSET=utf8;

--
-- Dumping data for table `actions_non_planif`
--

INSERT INTO `actions_non_planif` (`N`, `Action`, `Objectif`, `Structure`, `Effectif_reel`, `Nbre_participation`, `Duree`, `Debut_formation`, `Cout_previsionnel`, `Organisme_formation`, `Lieu_formation`, `Periode_evaluation`) VALUES
(59, 'Vulgarisation du manuel de passation des marchés de la SCAEK', NULL, NULL, 0, 0, 0, '2019-01-01', 0, '/', 'Sur site de la société', NULL),
(60, 'Permis de travail', NULL, NULL, 0, 0, 0, NULL, 0, '/', 'Sur site de la société', NULL),
(61, 'Sensibilisation sur l\'ERP', NULL, NULL, 0, 0, 0, '2019-01-01', 0, '/', 'Sur site de la société', NULL),
(62, 'Journée technique - General Electric', NULL, NULL, 0, 0, 0, '2019-01-02', 0, '/', 'CFIC', NULL),
(63, 'La protection des systèmes industriels', NULL, NULL, 0, 0, 0, '2019-01-03', 0, '/', 'GICA', NULL),
(64, 'Journée technique - ITECA', NULL, NULL, 0, 0, 0, '2019-01-04', 0, '/', 'CFIC', NULL),
(65, 'Formation des délégués à l\'environnement', NULL, NULL, 0, 0, 0, NULL, 0, '/', 'CFIC', NULL),
(66, 'Passer du secrétariat à l\'assistanat', NULL, NULL, 0, 0, 0, NULL, 0, NULL, NULL, NULL),
(67, 'Master professionnel en Audit et contrôle', NULL, NULL, 0, 0, 0, NULL, 0, NULL, NULL, NULL),
(68, 'le Modèle d\'affaire d\'une organisation', NULL, NULL, 0, 0, 0, NULL, 0, NULL, NULL, NULL),
(69, 'Formation sur chargeur type L524', NULL, NULL, 0, 0, 0, NULL, 0, NULL, NULL, NULL),
(70, 'La gestion des risques industrielles', NULL, NULL, 0, 0, 0, NULL, 0, NULL, NULL, NULL),
(71, 'La Veille Stratégique', NULL, NULL, 0, 0, 0, NULL, 0, NULL, NULL, NULL),
(72, 'Economie de l\'énergie', NULL, NULL, 0, 0, 0, NULL, 0, NULL, NULL, NULL),
(73, 'Formation NEBOSCH', NULL, NULL, 0, 0, 0, NULL, 0, NULL, NULL, NULL),
(74, 'Le Système de Détection Incendie EDWARDS', NULL, NULL, 0, 0, 0, NULL, 0, NULL, NULL, NULL),
(75, 'Métrologie dans l\'entreprise et le laboratoire : les fondamentaux', NULL, NULL, 0, 0, 0, NULL, 0, NULL, NULL, NULL),
(76, 'Journée technique agents de moutures SIKA', NULL, NULL, 0, 0, 0, NULL, 0, NULL, NULL, NULL);

-- --------------------------------------------------------

--
-- Table structure for table `actions_planif`
--

CREATE TABLE `actions_planif` (
  `N` int(11) NOT NULL DEFAULT current_timestamp(),
  `Action` varchar(255) DEFAULT NULL,
  `Objectif` varchar(510) DEFAULT NULL,
  `Structure` varchar(255) DEFAULT NULL,
  `Effectif_reel` int(11) DEFAULT NULL,
  `Nbre_participation` int(11) DEFAULT NULL,
  `Duree` int(11) DEFAULT NULL,
  `Debut_formation` date DEFAULT NULL,
  `Cout_previsionnel` int(11) DEFAULT NULL,
  `Organisme_formation` varchar(255) DEFAULT NULL,
  `Lieu_formation` varchar(255) DEFAULT NULL,
  `Periode_evaluation` varchar(255) DEFAULT NULL
) ENGINE=InnoDB DEFAULT CHARSET=utf8;

--
-- Dumping data for table `actions_planif`
--

INSERT INTO `actions_planif` (`N`, `Action`, `Objectif`, `Structure`, `Effectif_reel`, `Nbre_participation`, `Duree`, `Debut_formation`, `Cout_previsionnel`, `Organisme_formation`, `Lieu_formation`, `Periode_evaluation`) VALUES
(1, 'Gestion des achats', '1-Respect des procédures, cahiers des charges et conditions contractuelles,\n 2- Sécurité et confidentialité des dossiers et documents.', 'Approvisionnement', 3, 3, 3, '2019-03-01', 180000, 'Divers prestataires', 'Locaux prestataires de formation', '03 Mois'),
(2, 'Technique douanière/ incoterms', 'Acquisition des nouvelles connaissances', 'Approvisionnement', 2, 2, 2, '2019-04-01', 160000, 'Divers prestataires', 'Locaux prestataires de formation', '03 Mois'),
(3, 'Séminaires, colloques et conférences internationales sur l\'audit interne et contrôle interne', 'Renforcer les compétences des auditeurs.', 'Audit et Contrôle de gestion', 2, 2, 3, '2019-04-01', 150000, 'Divers prestataires', 'Locaux prestataires de formation', '03 Mois'),
(4, 'PCS7 (NIVEAU 2)', 'Maitrise parfaitement du fonctionnement des machines de la structure (systèmes installés)', 'Automatisme', 5, 5, 6, '2019-02-01', 600000, 'CFIC-ALGER ou centre de formation SIMENS', 'CFIC-ALGER', '6 Mois'),
(5, 'PROTOOL', 'Maitrise parfaitement du fonctionnement des machines de la structure (systèmes installés)', 'Automatisme', 6, 6, 5, '2019-04-01', 600000, 'CFIC-ALGER ou centre de formation SIMENS', 'CFIC-ALGER', '6 Mois'),
(6, 'Communication (ETHERNET+PROFIBUS+PROFINET)', 'Maitrise parfaitement du fonctionnement des machines de la structure (systèmes installés)', 'Automatisme', 6, 6, 5, '2019-04-01', 600000, 'CFIC-ALGER ou centre de formation SIMENS', 'CFIC-ALGER', '6 Mois'),
(7, 'Variateur vitesse (SINAMICS , MICROMASTER et SIMOVERT)', 'Maitrise parfaitement du fonctionnement des machines de la structure (systèmes installés)', 'Automatisme', 6, 6, 5, '2019-05-01', 600000, 'CFIC-ALGER ou centre de formation SIMENS', 'CFIC-ALGER', '6 Mois'),
(8, 'Commerce international et technique d\'exportation', 'Apporter aux participants l\'essentiel des connaissances du commerce international et techniques d\'exportation', 'Commerciale', 3, 3, 5, '2019-01-01', 300000, 'CFIC/Autres', 'Locaux prestataires de formation', '03 Mois'),
(9, 'Etude de Marché', '1-Apporter des connaissances fondamentales des différents types d\'étude de marché\n2- Identifier les sources des études documentaires\n3- Maîtriser les méthodologies des études qualitatives et quantitatives\n4- Construire des études de satisfaction clientèle', 'Commerciale', 3, 3, 5, '2019-04-01', 300000, 'CFIC/Autres', 'Locaux prestataires de formation', '6 Mois'),
(10, 'Les techniques de vente et Marketing', 'Développer des compétences managériales marketing et commerce', 'Commerciale', 2, 2, 3, '2019-05-01', 180000, 'Divers prestataires', 'Locaux prestataires de formation', '6 Mois'),
(11, 'Management de la relation client', 'Apporter au participant les éléments de réponse aux exigences de satisfaction du client pour sa fidélisation', 'Commerciale', 2, 2, 3, '2019-09-01', 170000, 'Divers prestataires', 'Locaux prestataires de formation', '03 Mois'),
(12, 'Gestion des projets', 'pour le bon suivi des projets', 'Développement', 2, 2, 3, '2019-01-01', 210000, 'Divers prestataires', 'Locaux prestataires de formation', '03 Mois'),
(13, 'La prise de décision', 'acquisition des outils et des techniques pour la résolution des problèmes', 'Développement + Diverses Structures', 15, 15, 3, '2019-04-01', 320000, 'Divers prestataires', 'Intra-entreprise', '6 Mois'),
(14, 'Résolution des problèmes', 'Bonne analyse des problèmes', 'Développement + Diverses Structures', 15, 15, 4, '2019-05-01', 360000, 'Divers prestataires', 'Intra-entreprise', '03 Mois'),
(15, 'Cahiers des charges et contrats', 'Elaboration des cahiers des charges et contrats', 'Diverses structures', 6, 6, 3, '2019-05-01', 324000, 'Divers prestataires', 'Locaux prestataires de formation', '03 Mois'),
(16, 'Management des ressources humaines', 'Développer la technicité nécessaire au métier de gestionnaire des ressources humaines', 'DRH', 2, 2, 5, '2019-01-01', 200000, 'CFIC/Autres', 'Locaux prestataires de formation', '6 Mois'),
(17, 'Mettre en place un système de gestion de carrière', '1- Clarifier la notion de gestion de carrière\n2- Cerner les caractéristiques et outils de la gestion des carrières\n3- Présenter les différentes approches et formes de mobilité professionnelle', 'DRH', 1, 1, 4, '2019-06-01', 180000, 'Divers prestataires', 'Locaux prestataires de formation', '12 Mois'),
(18, 'Gestion des moyens généraux et des polices d’assurances', 'développer des compétences en Gestion des moyens généraux pour améliorer le niveau de performance des organisations.', 'DRH', 1, 1, 3, '2019-10-01', 120000, 'Divers prestataires', 'Locaux prestataires de formation', '03 Mois'),
(19, 'Droit du travail, contrat et législation du travail', '1- Maitriser les fondamentaux du droit du travail\n2- Avoir les bons réflexes juridiques en GRH', 'DRH', 2, 2, 3, '2019-12-01', 150000, 'Divers prestataires', 'Locaux prestataires de formation', '03 Mois'),
(20, 'Construire et développer le leadership', 'Construire et développer le leadership', 'DRH + Diverses structures', 15, 15, 3, '2019-04-01', 350000, 'Divers prestataires', 'Locaux prestataires de formation', '03 Mois'),
(21, 'Les écrits professionnels', 'Maitriser les écrits professionnels', 'DRH + Diverses structures', 16, 16, 8, '2019-01-01', 320000, 'Divers prestataires', 'Intra-entreprise', '03 Mois'),
(22, 'Formation sur les relais de protections numériques de marque SHNIEDER ELECTRIC model MICOM P141,P242,P342 et P442 (exploitation et programmation)', 'Acquisition de nouvelles connaissances et d\'un savoir faire', 'Electricité', 6, 6, 5, '2019-02-01', 600000, 'CFIC/Autre/ SHNIEDER ELECTRIC', 'Locaux prestataires de formation', '6 Mois'),
(23, 'Les démarreurs progressif électronique de marque SCHNEIDER ELECTRIC model Altistart48', 'Acquisition des nouvelles connaissances', 'Electricité', 5, 5, 5, '2019-05-01', 500000, 'CFIC/Autres/ SHNIEDER ELECTRIC', 'Locaux prestataires de formation', '6 Mois'),
(24, 'L\'exploitation et la maintenance des postes électriques 220/60/11 KV', 'Acquisition de nouvelles connaissances et d\'un savoir faire', 'Electricité', 5, 5, 5, '2019-04-01', 500000, 'CFIC/Autres/ Centre SONELGAZ', 'Locaux prestataires de formation', '03 Mois'),
(25, 'Formation sur l\'habilitation électrique 220/60/11 KV', 'Acquisition de l\'habilitation', 'Electricité/ HSE', 5, 5, 5, '2019-03-01', 500000, 'CFIC/Autre/ SONELGAZ', 'Locaux prestataires de formation', '03 Mois'),
(26, 'Circuit électrique pour chariots de forage', 'Connaissance pour la lecture des schémas électriques', 'EMR', 3, 3, 5, '2019-03-01', 270000, 'ATLAS COPCO et SAHAMAT/ CFIC', 'Locaux prestataires de formation', '03 Mois'),
(27, 'Moteurs CUMMINS QSK23 et 19', 'Connaissance sur les moteurs', 'EMR', 3, 3, 4, '2019-05-01', 240000, 'DEM ou CUMMINS/ CFIC', 'Locaux prestataires de formation', '6 Mois'),
(28, 'Formation des Foreurs-Mineurs-sondeurs', 'Amélioration et perfectionnement du personnel dans les métiers des mines et carrières', 'EMR', 3, 3, 5, '2019-04-01', 300000, 'Ecole des Mines El Abed- Tlemcen', 'Locaux prestataires de formation', '03 Mois'),
(29, 'Formation sur le logiciel GMAO (Coswin)', 'Maitrise du logiciel COSWIN', 'Etudes et Méthodes &Mécanique', 5, 5, 3, '2019-05-01', 300000, 'CFIC/\nFormateur interne', 'Locaux prestataires de formation', '6 Mois'),
(30, 'Elaboration des rapports techniques', 'Bonne rédaction des rapports', 'Etudes et Méthodes &Mécanique', 6, 6, 5, '2019-03-01', 600000, 'CFIC/Autres', 'Locaux prestataires de formation', '03 Mois'),
(31, 'Surveillance des équipements', 'Procédures de surveillance et des points à contrôler sur les équipements entrants dans le processus de fabrication du ciment', 'Fabrication', 5, 5, 5, '2019-03-01', 500000, 'CFIC-ALGER', 'Sur site de la société', '03 Mois'),
(32, 'Technologie des équipements', 'Acquérir les connaissances essentielles relatives aux équipements', 'Fabrication/Mécanique/ BEP/Qualité', 10, 10, 5, '2019-05-01', 1000000, 'CFIC-ALGER', 'CFIC-ALGER', '03 Mois'),
(33, 'Procès de fabrication du ciment', 'Acquisition des techniques relatives au procès de fabrication', 'Fabrication/Mécanique/ BEP/ EMR/Procès qualité/Appro.', 10, 10, 5, '2019-02-01', 1000000, 'CFIC-ALGER', 'CFIC-ALGER', '03 Mois'),
(34, 'Formation et sensibilisation sur la norme API 10A', 'Certification API', 'Qualité, Hygiène, sécurité & Environnement/ Toutes structures', 10, 10, 10, '2019-08-01', 400000, 'Divers prestataires', 'Locaux prestataires de formation', '03 Mois'),
(35, 'Méthodes de calcul de cout', 'Améliorer le système de calcul des couts de la société', 'Finance et Budget', 3, 3, 4, '2019-03-01', 216000, 'Divers prestataires', 'Locaux prestataires de formation', '03 Mois'),
(36, 'Optimisation fiscale', 'Optimiser la fiscalité de l\'entreprise', 'Finance et Budget', 2, 2, 3, '2019-05-01', 200000, 'Divers prestataires', 'Locaux prestataires de formation', '03 Mois'),
(37, 'Loi de Finances 2019', 'Permettre aux participants de s\'informer des nouveautés sur les taxes et impôts', 'Finance et Budget + Auditeurs + Appro + DRH + Commerciale', 15, 15, 1, '2019-01-01', 300000, 'CFIC/Autres', 'Locaux prestataires de formation', '03 Mois'),
(38, 'Windows 2012 Server (3 modules)', 'Préparation ERP', 'Informatique', 1, 1, 5, '2019-02-01', 140000, 'IT-TALENTS SCHOOL- Alger', 'Kouba- Alger', '06 Mois'),
(39, 'Mise à niveau du personnel de production', 'Maitrise du process et techniques d\'exploitation', 'Production', 12, 12, 15, '2019-09-01', 1320000, 'CFIC', 'Kouba- Alger', '06 Mois'),
(40, 'Cisco (Voice, Sécurité)', 'Protège le réseau Cisco', 'Informatique', 1, 1, 3, '2019-11-01', 160000, 'IT-TALENTS SCHOOL- Alger', 'Kouba- Alger', '06 Mois'),
(41, 'Compresseurs', 'Maitrise de la technologie des compresseurs', 'Mécanique', 8, 8, 4, '2019-04-01', 640000, 'CFIC-ALGER', 'CFIC-ALGER', '03 Mois'),
(42, 'Froid et climatisation', 'entretien des groupes de climatisation', 'Mécanique', 2, 2, 5, '2019-07-01', 200000, 'CFIC-ALGER', 'CFIC-ALGER', '03 Mois'),
(43, 'Méthodologie de diagnostic des pannes', 'Acquérir la méthodologie et les outils de résolution adéquate en vue d\'intervenir efficacement au niveau des équipements', 'Mécanique/ BEP/Fabrication', 10, 10, 5, '2019-03-01', 1000000, 'CFIC/Autres', 'Locaux prestataires de formation', '03 Mois'),
(44, 'Gestion et stockage produits réfractaire', 'Maitrise la bonne méthode du stock', 'Production/ Qualité &Process', 5, 5, 5, '2019-04-01', 500000, 'CFIC-Autres', 'Locaux prestataires de formation', '03 Mois'),
(45, 'Sensibilisation sur le système de management intégré (SMI)', 'Implication du personnel pour mieux comprendre le but de la démarche qualité', 'Qualité, Hygiène, sécurité & Environnement', 30, 30, 2, '2019-04-01', 350000, 'AFNOR-Alger', 'Intra-entreprise', '03 Mois'),
(46, 'Tableaux de bord et indicateurs de pilotage (outil de pilotage)', 'faciliter le Pilotage des processus', 'Qualité, Hygiène, sécurité & Environnement', 18, 18, 4, '2019-05-01', 280000, 'AFNOR-Alger', 'Intra-entreprise', '03 Mois'),
(47, 'Les techniques d\'audit interne selon la norme 19011 version 2018', 'Maitriser les techniques d\'audit', 'Qualité, Hygiène, sécurité & Environnement/ Toutes structures', 3, 3, 4, '2019-03-01', 240000, 'CFIC/Autres', 'Intra-entreprise', '06 Mois'),
(48, 'La prévention des risques professionnels', '•Avoir des connaissances sur les techniques de Sauvetage\n•Connaitre les différents types des Permis de travail\n• La conduite à tenir en cas de bourrage, débourrage cyclone et boite à fumée\n• Intervention en cas d\'incendie et/ou explosion', 'Qualité, Hygiène, sécurité & Environnement', 15, 15, 3, '2019-09-01', 900000, 'CFIC/Autres', 'Intra-entreprise', '03 Mois'),
(49, 'Environnement dans les entreprises', 'Maitriser les aspects environnementaux', 'Qualité, Hygiène, sécurité & Environnement', 3, 3, 3, '2019-03-01', 160000, 'Divers prestataires', 'Locaux prestataires de formation', '03 Mois'),
(50, 'L’approche processus', 'Maitriser les modes de pilotage', 'Qualité, Hygiène, sécurité & Environnement/ Toutes structures', 15, 15, 4, '2019-04-01', 240000, 'Divers prestataires', 'Intra-entreprise', '06 Mois'),
(51, 'Formation et sensibilisation sur la norme API Q1', 'Certification API', 'Qualité, Hygiène, sécurité & Environnement/ Toutes structures', 10, 10, 4, '2019-05-01', 400000, 'Divers prestataires', 'Intra-entreprise', '03 Mois'),
(52, 'Management de la Santé et Sécurité au travail selon l’ISO 45001', 'Connaitre les exigences de la norme 45001', 'Qualité, Hygiène, sécurité & Environnement/ Toutes structures', 15, 15, 3, '2019-08-01', 320000, 'Divers prestataires', 'Locaux prestataires de formation', '03 Mois'),
(53, 'Les règles de la sécurité, santé du travail SST', 'Maitrise des règles de la sécurité, santé du travail', 'Qualité, Hygiène, sécurité & Environnement', 22, 22, 2, '2019-10-01', 320000, 'Divers prestataires', 'Intra-entreprise', '03 Mois'),
(54, 'La réglementation environnementale et la fiscalité écologique', 'Connaitre la réglementation en vigueur régissant les différentes taxes écologiques applicables aux établissements classés\n- Connaitre les éléments techniques et les pratiques clés\n- Savoir définir et calculer les assiettes de taxes\n', 'EMR/Finance et Budget', 3, 3, 2, '2019-10-01', 250000, 'Divers prestataires', 'Locaux prestataires de formation', '3 Mois'),
(55, 'Arbitrage et médiation', 'Connaissances sur : - le contrat international - le litige international - les clauses contractuelles', 'Diverses structures', 3, 3, 3, '2019-03-01', 320000, 'Divers prestataires', 'Locaux prestataires de formation', '6 Mois'),
(56, 'Bilan énergétique pour atelier de cuisson, cru…….)', 'Maitrise et mise a niveau', 'Process et Qualité', 2, 2, 5, '2019-03-01', 200000, 'CFIC/Autres', 'Locaux prestataires de formation', '3 Mois'),
(57, 'Essais physico-mecanique pour le ciement pétrolier', 'nouvelle méthodes des essais', 'Process et Qualité', 5, 5, 5, '2019-02-01', 500000, 'CFIC/Autres', 'Locaux prestataires de formation', '3 Mois'),
(58, 'La sûreté interne', 'Acquérir les connaissances et le comportement permettant d\'exercer et d\'assurer efficacement la fonction', 'DRH', 2, 2, 3, '2019-04-01', 260000, 'Divers prestataires', 'Locaux prestataires de formation', '3 Mois');

-- --------------------------------------------------------

--
-- Table structure for table `action_evaluation_insuffisante`
--

CREATE TABLE `action_evaluation_insuffisante` (
  `Action_evaluation_insuffisante` varchar(255) DEFAULT NULL
) ENGINE=InnoDB DEFAULT CHARSET=utf8;

--
-- Dumping data for table `action_evaluation_insuffisante`
--

INSERT INTO `action_evaluation_insuffisante` (`Action_evaluation_insuffisante`) VALUES
('A refaire la formation'),
('Prolonger la période d\'évaluation à froid'),
('A poursuivre');

-- --------------------------------------------------------

--
-- Table structure for table `avis_evaluation_organisme`
--

CREATE TABLE `avis_evaluation_organisme` (
  `Avis_evaluation_organisme` varchar(255) DEFAULT NULL
) ENGINE=InnoDB DEFAULT CHARSET=utf8;

--
-- Dumping data for table `avis_evaluation_organisme`
--

INSERT INTO `avis_evaluation_organisme` (`Avis_evaluation_organisme`) VALUES
('à retenir l\'organisme'),
('à éliminer l\'organisme');

-- --------------------------------------------------------

--
-- Table structure for table `avis_retour_evaluation`
--

CREATE TABLE `avis_retour_evaluation` (
  `Avis_retour_evaluation` varchar(255) DEFAULT NULL
) ENGINE=InnoDB DEFAULT CHARSET=utf8;

--
-- Dumping data for table `avis_retour_evaluation`
--

INSERT INTO `avis_retour_evaluation` (`Avis_retour_evaluation`) VALUES
('Objectifs Atteints'),
('Objectifs Moyennement Atteints'),
('Objectifs non Atteints');

-- --------------------------------------------------------

--
-- Table structure for table `categorie`
--

CREATE TABLE `categorie` (
  `Categorie` varchar(255) CHARACTER SET utf8 COLLATE utf8_unicode_ci NOT NULL
) ENGINE=InnoDB DEFAULT CHARSET=utf8;

--
-- Dumping data for table `categorie`
--

INSERT INTO `categorie` (`Categorie`) VALUES
('Cadre'),
('Execution'),
('Maitrise');

-- --------------------------------------------------------

--
-- Table structure for table `departement`
--

CREATE TABLE `departement` (
  `Departement` varchar(255) DEFAULT NULL
) ENGINE=InnoDB DEFAULT CHARSET=utf8;

--
-- Dumping data for table `departement`
--

INSERT INTO `departement` (`Departement`) VALUES
('Direction Générale'),
('Dpt. Achats'),
('Dpt. Automatisme'),
('Dpt. Commercial'),
('Dpt. Comptabilité Suivi Budgétaire'),
('Dpt. Controle Qualité & Process'),
('Dpt. Electricité &Automatisme'),
('Dpt. EMR & Zone Concassage'),
('Dpt. Entretien Mécanique'),
('Dpt. Etudes & Méthodes'),
('Dpt. Exploitation & Gestion Matières Premières'),
('Dpt. Fabrication'),
('Dpt. Formation & recrutement, Gestion des emplois et des carrières prof'),
('Dpt. Gestion des Compétences & des moyens'),
('Dpt. Hygiène, Sécurité & Envirennement'),
('Dpt. Marketing & Réeau Vente détail'),
('Dpt. Projets'),
('Dpt. Ressources Humaines'),
('Dpt. Technologie de L\'information et de la communication'),
('Dpt. Trésorerie et Budget'),
('Dpt.Comptabilité Générale'),
('Dpt.Mécanique'),
('Direction Générale'),
('Dpt. Achats'),
('Dpt. Automatisme'),
('Dpt. Commercial'),
('Dpt. Comptabilité Suivi Budgétaire'),
('Dpt. Controle Qualité & Process'),
('Dpt. Electricité &Automatisme'),
('Dpt. EMR & Zone Concassage'),
('Dpt. Entretien Mécanique'),
('Dpt. Etudes & Méthodes'),
('Dpt. Exploitation & Gestion Matières Premières'),
('Dpt. Fabrication'),
('Dpt. Formation & recrutement, Gestion des emplois et des carrières prof'),
('Dpt. Gestion des Compétences & des moyens'),
('Dpt. Hygiène, Sécurité & Envirennement'),
('Dpt. Marketing & Réeau Vente détail'),
('Dpt. Projets'),
('Dpt. Ressources Humaines'),
('Dpt. Technologie de L\'information et de la communication'),
('Dpt. Trésorerie et Budget'),
('Dpt.Comptabilité Générale'),
('Dpt.Mécanique'),
('Direction Générale'),
('Dpt. Achats'),
('Dpt. Automatisme'),
('Dpt. Commercial'),
('Dpt. Comptabilité Suivi Budgétaire'),
('Dpt. Controle Qualité & Process'),
('Dpt. Electricité &Automatisme'),
('Dpt. EMR & Zone Concassage'),
('Dpt. Entretien Mécanique'),
('Dpt. Etudes & Méthodes'),
('Dpt. Exploitation & Gestion Matières Premières'),
('Dpt. Fabrication'),
('Dpt. Formation & recrutement, Gestion des emplois et des carrières prof'),
('Dpt. Gestion des Compétences & des moyens'),
('Dpt. Hygiène, Sécurité & Envirennement'),
('Dpt. Marketing & Réeau Vente détail'),
('Dpt. Projets'),
('Dpt. Ressources Humaines'),
('Dpt. Technologie de L\'information et de la communication'),
('Dpt. Trésorerie et Budget'),
('Dpt.Comptabilité Générale'),
('Dpt.Mécanique');

-- --------------------------------------------------------

--
-- Table structure for table `direction`
--

CREATE TABLE `direction` (
  `Direction` varchar(255) DEFAULT NULL
) ENGINE=InnoDB DEFAULT CHARSET=utf8;

--
-- Dumping data for table `direction`
--

INSERT INTO `direction` (`Direction`) VALUES
('Direction de Développement'),
('Direction de Développement Durable & Sécurité'),
('Direction de Production'),
('Direction des Approvisionnements'),
('Direction des Finances et Budget'),
('Direction des Ressources Humaines'),
('Direction Générale'),
('Diretion Commercial & Marketing');

-- --------------------------------------------------------

--
-- Table structure for table `lieu_formation`
--

CREATE TABLE `lieu_formation` (
  `Lieu_formation` varchar(255) NOT NULL
) ENGINE=InnoDB DEFAULT CHARSET=latin1;

--
-- Dumping data for table `lieu_formation`
--

INSERT INTO `lieu_formation` (`Lieu_formation`) VALUES
('Intra-entreprise'),
('Hors-entreprise');

-- --------------------------------------------------------

--
-- Table structure for table `lieu_formation_2`
--

CREATE TABLE `lieu_formation_2` (
  `Lieu_formation_2` varchar(255) NOT NULL
) ENGINE=InnoDB DEFAULT CHARSET=latin1;

--
-- Dumping data for table `lieu_formation_2`
--

INSERT INTO `lieu_formation_2` (`Lieu_formation_2`) VALUES
('CFIC'),
('Etranger'),
('Externe'),
('Interne');

-- --------------------------------------------------------

--
-- Table structure for table `organisme`
--

CREATE TABLE `organisme` (
  `Organisme` varchar(255) DEFAULT NULL
) ENGINE=InnoDB DEFAULT CHARSET=utf8;

--
-- Dumping data for table `organisme`
--

INSERT INTO `organisme` (`Organisme`) VALUES
('/'),
('AFNOR-Alger '),
('ATLAS COPCO et SAHAMAT/   CFIC '),
('CFIC'),
('CFIC/\nFormateur interne'),
('CFIC/Autre/  SHNIEDER ELECTRIC '),
('CFIC/Autre/  SONELGAZ'),
('CFIC/Autres'),
('CFIC/Autres '),
('CFIC/Autres/  SHNIEDER ELECTRIC '),
('CFIC/Autres/ Centre SONELGAZ'),
('CFIC-ALGER'),
('CFIC-ALGER ou centre de formation SIMENS'),
('CFIC-Autres'),
('DEM ou CUMMINS/     CFIC '),
('Divers prestataires '),
('Ecole des Mines El Abed- Tlemcen'),
('IT-TALENTS SCHOOL- Alger'),
(''),
(''),
(''),
(''),
(''),
(''),
(''),
(''),
(''),
(''),
(''),
(''),
(''),
(''),
(''),
(''),
(''),
(''),
(''),
(''),
(''),
(''),
(''),
(''),
(''),
(''),
(''),
(''),
(''),
(''),
(''),
(''),
(''),
(''),
(''),
(''),
(''),
(''),
(''),
(''),
(''),
(''),
(''),
(''),
(''),
(''),
(''),
(''),
(''),
(''),
(''),
(''),
(''),
(''),
(''),
(''),
(''),
(''),
(''),
(''),
(''),
(''),
(''),
(''),
(''),
(''),
(''),
(''),
(''),
(''),
(''),
(''),
(''),
(''),
(''),
(''),
(''),
(''),
(''),
(''),
(''),
(''),
(''),
(''),
(''),
(''),
(''),
(''),
(''),
(''),
(''),
(''),
(''),
(''),
(''),
(''),
(''),
(''),
(''),
(''),
(''),
(''),
(''),
(''),
(''),
(''),
(''),
(''),
(''),
(''),
(''),
(''),
(''),
(''),
(''),
(''),
(''),
(''),
(''),
(''),
(''),
(''),
(''),
(''),
(''),
(''),
(''),
(''),
(''),
(''),
(''),
(''),
(''),
(''),
(''),
(''),
(''),
(''),
(''),
(''),
(''),
(''),
(''),
(''),
(''),
(''),
(''),
(''),
(''),
(''),
(''),
(''),
(''),
(''),
(''),
(''),
(''),
(''),
(''),
(''),
(''),
(''),
(''),
(''),
(''),
(''),
(''),
(''),
(''),
(''),
(''),
(''),
(''),
(''),
(''),
(''),
(''),
(''),
(''),
(''),
(''),
(''),
(''),
(''),
(''),
(''),
(''),
(''),
(''),
(''),
(''),
(''),
(''),
(''),
(''),
(''),
(''),
(''),
(''),
(''),
(''),
(''),
(''),
(''),
(''),
(''),
(''),
(''),
(''),
(''),
(''),
(''),
(''),
(''),
(''),
(''),
(''),
(''),
(''),
(''),
(''),
(''),
(''),
(''),
(''),
(''),
(''),
(''),
(''),
(''),
(''),
(''),
(''),
(''),
(''),
(''),
(''),
(''),
(''),
(''),
(''),
(''),
(''),
(''),
(''),
(''),
(''),
(''),
(''),
(''),
(''),
(''),
(''),
(''),
(''),
(''),
(''),
(''),
(''),
(''),
(''),
(''),
(''),
(''),
(''),
(''),
(''),
(''),
(''),
(''),
(''),
(''),
(''),
(''),
(''),
(''),
(''),
(''),
(''),
(''),
(''),
(''),
(''),
(''),
(''),
(''),
(''),
(''),
(''),
(''),
(''),
(''),
(''),
(''),
(''),
(''),
(''),
(''),
(''),
(''),
(''),
(''),
(''),
(''),
(''),
(''),
(''),
(''),
(''),
(''),
(''),
(''),
(''),
(''),
(''),
(''),
(''),
(''),
(''),
(''),
(''),
(''),
(''),
(''),
(''),
(''),
(''),
(''),
(''),
(''),
(''),
(''),
(''),
(''),
(''),
(''),
(''),
(''),
(''),
(''),
(''),
(''),
(''),
(''),
(''),
(''),
(''),
(''),
(''),
(''),
(''),
(''),
(''),
(''),
(''),
(''),
(''),
(''),
(''),
(''),
(''),
(''),
(''),
(''),
(''),
(''),
(''),
(''),
(''),
(''),
(''),
(''),
(''),
(''),
(''),
(''),
(''),
(''),
(''),
(''),
(''),
(''),
(''),
(''),
(''),
(''),
(''),
(''),
(''),
(''),
(''),
(''),
(''),
(''),
(''),
(''),
(''),
(''),
(''),
(''),
(''),
(''),
(''),
(''),
(''),
(''),
(''),
(''),
(''),
(''),
(''),
(''),
(''),
(''),
(''),
(''),
(''),
(''),
(''),
(''),
(''),
(''),
(''),
(''),
(''),
(''),
(''),
(''),
(''),
(''),
(''),
(''),
(''),
(''),
(''),
(''),
(''),
(''),
(''),
(''),
(''),
(''),
(''),
(''),
(''),
(''),
(''),
(''),
(''),
(''),
(''),
(''),
(''),
(''),
(''),
(''),
(''),
(''),
(''),
(''),
(''),
(''),
(''),
(''),
(''),
(''),
(''),
(''),
(''),
(''),
(''),
(''),
(''),
(''),
(''),
(''),
(''),
(''),
(''),
(''),
(''),
(''),
(''),
(''),
(''),
(''),
(''),
(''),
(''),
(''),
(''),
(''),
(''),
(''),
(''),
(''),
(''),
(''),
(''),
(''),
(''),
(''),
(''),
(''),
(''),
(''),
(''),
(''),
(''),
(''),
(''),
(''),
(''),
(''),
(''),
(''),
(''),
(''),
(''),
(''),
(''),
(''),
(''),
(''),
(''),
(''),
(''),
(''),
(''),
(''),
(''),
(''),
(''),
(''),
(''),
(''),
(''),
(''),
(''),
(''),
(''),
(''),
(''),
(''),
(''),
(''),
(''),
(''),
(''),
(''),
(''),
(''),
(''),
(''),
(''),
(''),
(''),
(''),
(''),
(''),
(''),
(''),
(''),
(''),
(''),
(''),
(''),
(''),
(''),
(''),
(''),
(''),
(''),
(''),
(''),
(''),
(''),
(''),
(''),
(''),
(''),
(''),
(''),
(''),
(''),
(''),
(''),
(''),
(''),
(''),
(''),
(''),
(''),
(''),
(''),
(''),
(''),
(''),
(''),
(''),
(''),
(''),
(''),
(''),
(''),
(''),
(''),
(''),
(''),
(''),
(''),
(''),
(''),
(''),
(''),
(''),
(''),
(''),
(''),
(''),
(''),
(''),
(''),
(''),
(''),
(''),
(''),
(''),
(''),
(''),
(''),
(''),
(''),
(''),
(''),
(''),
(''),
(''),
(''),
(''),
(''),
(''),
(''),
(''),
(''),
(''),
(''),
(''),
(''),
(''),
(''),
(''),
(''),
(''),
(''),
(''),
(''),
(''),
(''),
(''),
(''),
(''),
(''),
(''),
(''),
(''),
(''),
(''),
(''),
(''),
(''),
(''),
(''),
(''),
('');

-- --------------------------------------------------------

--
-- Table structure for table `personnel`
--

CREATE TABLE `personnel` (
  `Matricule` varchar(255) NOT NULL DEFAULT '9999',
  `Nom` varchar(255) DEFAULT NULL,
  `Prenom` varchar(255) DEFAULT NULL,
  `Date_Entree` date DEFAULT NULL,
  `Poste` varchar(255) DEFAULT NULL,
  `Type_Emploi` varchar(255) DEFAULT NULL,
  `Categorie` varchar(255) DEFAULT NULL,
  `Direction` varchar(255) DEFAULT NULL,
  `Departement` varchar(255) DEFAULT NULL,
  `Service` varchar(255) DEFAULT NULL
) ENGINE=InnoDB DEFAULT CHARSET=utf8;

--
-- Dumping data for table `personnel`
--

INSERT INTO `personnel` (`Matricule`, `Nom`, `Prenom`, `Date_Entree`, `Poste`, `Type_Emploi`, `Categorie`, `Direction`, `Departement`, `Service`) VALUES
('110', 'TAMINE', 'MOKHTAR', '1989-07-01', 'CHEF SERVICE SOCIAL ET MGX', 'CDI', 'Cadre', 'Direction des Ressources Humaines', 'Dpt. Gestion des Compétences & des moyens', 'Service Oeuvres Sociales et Moyens Généreaux'),
('113', 'FATMI', 'RAHAL', '1990-09-01', 'CHEF SECTION TRESORIE', 'CDI', 'Maitrise', 'Direction des Finances et Budget', 'Dpt. Comptabilité Suivi Budgétaire', 'Service comptabilité Générale'),
('114', 'KARKOUR', 'AHMED', '2012-01-02', 'CADRE D\'AUDIT', 'CDI', 'Cadre', 'Direction Générale', 'Direction Générale', 'Service audit'),
('118', 'DAHEL', 'LAKHDAR', '1991-08-10', 'CHEF DE DEPARTEMENT COMMERCIAL', 'CDI', 'Cadre', 'Diretion Commercial & Marketing', 'Dpt. Commercial', 'Service Programmation et gestion Clientèle'),
('1201', 'ZEDADKA', 'AMMAR', '2015-01-18', 'AGENT COMMERCIAL', 'CDI', 'Execution', 'Diretion Commercial & Marketing', 'Dpt. Commercial', 'Service Facturation & Enlèvement'),
('1202', 'BENSYD', 'RYAD', '2015-01-18', 'CONDUCTEUR D\'ENGIN NIV. I', 'CDI', 'Maitrise', 'Direction de Production', 'Dpt. Exploitation & Gestion Matières Premières', 'Service Exploiatation & Gestion. Mat. Premières'),
('1203', 'HETATACHE', 'AMER', '2015-01-18', 'CONDUCTEUR D\'ENGIN NIV. I', 'CDI', 'Maitrise', 'Direction de Production', 'Dpt. Exploitation & Gestion Matières Premières', 'Service Exploiatation & Gestion. Mat. Premières'),
('1204', 'BOUCHAGOUR', 'MOHAMED TAHAR', '2015-01-18', 'CONDUCTEUR D\'ENGIN NIV. I', 'CDI', 'Maitrise', 'Direction de Production', 'Dpt. Exploitation & Gestion Matières Premières', 'Service Exploiatation & Gestion. Mat. Premières'),
('1205', 'CHEURFAOUI', 'ABBES', '2015-01-18', 'CONDUCTEUR D\'ENGIN NIV. I', 'CDI', 'Maitrise', 'Direction de Production', 'Dpt. Exploitation & Gestion Matières Premières', 'Service Exploiatation & Gestion. Mat. Premières'),
('1206', 'LEKDIM', 'LYES', '2015-01-18', 'CONDUCTEUR D\'ENGIN NIV. I', 'CDI', 'Maitrise', 'Direction de Production', 'Dpt. Exploitation & Gestion Matières Premières', 'Service Exploiatation & Gestion. Mat. Premières'),
('1207', 'CHELOUCHE', 'FETEH', '2015-01-18', 'CONDUCTEUR D\'ENGIN NIV. I', 'CDI', 'Maitrise', 'Direction de Production', 'Dpt. Exploitation & Gestion Matières Premières', 'Service Exploiatation & Gestion. Mat. Premières'),
('1208', 'KOUACHI', 'IMAD', '2015-01-18', 'CONDUCTEUR D\'ENGIN NIV. I', 'CDI', 'Maitrise', 'Direction de Production', 'Dpt. Exploitation & Gestion Matières Premières', 'Service Exploiatation & Gestion. Mat. Premières'),
('1209', 'KECHAT', 'BILLEL', '2015-01-18', 'CONDUCTEUR D\'ENGIN NIV. I', 'CDI', 'Maitrise', 'Direction de Production', 'Dpt. Exploitation & Gestion Matières Premières', 'Service Exploiatation & Gestion. Mat. Premières'),
('121', 'HIZIR', 'ALI', '1993-12-06', 'CHEF SECTION COMPTABILITE GENERALE', 'CDI', 'Maitrise', 'Direction des Finances et Budget', 'Dpt. Comptabilité Suivi Budgétaire', 'Service comptabilité Générale'),
('1210', 'ARKAB', 'AZEDDINE', '2015-01-18', 'CONDUCTEUR D\'ENGIN NIV. I', 'CDI', 'Maitrise', 'Direction de Production', 'Dpt. Exploitation & Gestion Matières Premières', 'Service Exploiatation & Gestion. Mat. Premières'),
('1211', 'BOUHADDA', 'BELKACEM', '2015-03-22', 'SONDEUR', 'CDI', 'Maitrise', 'Direction de Production', 'Dpt. Exploitation & Gestion Matières Premières', 'Service Exploiatation & Gestion. Mat. Premières'),
('1212', 'NAHNAH', 'FARES', '2015-03-22', 'SONDEUR', 'CDI', 'Maitrise', 'Direction de Production', 'Dpt. Exploitation & Gestion Matières Premières', 'Service Exploiatation & Gestion. Mat. Premières'),
('1213', 'NOUAR', 'BADREDDINE', '2015-03-22', 'SONDEUR', 'CDI', 'Maitrise', 'Direction de Production', 'Dpt. Exploitation & Gestion Matières Premières', 'Service Exploiatation & Gestion. Mat. Premières'),
('1214', 'DJOUDI', 'FAWZI', '2015-03-22', 'SONDEUR', 'CDI', 'Maitrise', 'Direction de Production', 'Dpt. Exploitation & Gestion Matières Premières', 'Service Concassage'),
('1215', 'KARKOUR', 'ADEL', '2015-03-22', 'MECANICIEN D\'ENGINS', 'CDI', 'Execution', 'Direction de Production', 'Dpt. Exploitation & Gestion Matières Premières', 'Service Entretien Matériel Roulant'),
('1216', 'BEZA', 'BOUALEM', '2015-03-22', 'MECANICIEN D\'ENGINS', 'CDI', 'Execution', 'Direction de Production', 'Dpt. Exploitation & Gestion Matières Premières', 'Service Entretien Matériel Roulant'),
('1217', 'CHERFAOUI', 'FARID', '2015-03-22', 'MECANICIEN D\'ENGINS', 'CDI', 'Execution', 'Direction de Production', 'Dpt. Exploitation & Gestion Matières Premières', 'Service Entretien Matériel Roulant'),
('1218', 'CHERFAOUI', 'RABAH', '2015-03-22', 'MECANICIEN D\'ENGINS', 'CDI', 'Execution', 'Direction de Production', 'Dpt. Exploitation & Gestion Matières Premières', 'Service Entretien Matériel Roulant'),
('1219', 'MELIANI', 'BILAL', '2015-05-17', 'GRUTIER', 'CDI', 'Maitrise', 'Direction de Production', 'Dpt. Entretien Mécanique', 'Service mécanique'),
('122', 'HARFOUCHE', 'MOHAND OULHOCINE', '1999-08-14', 'DIRECTEUR FINANCES ET BUDGET (C.D)', 'CDI', 'Cadre', 'Direction Générale', NULL, NULL),
('1220', 'ZABOUR', 'NACER', '2015-07-06', 'AGENT D\'INVENTAIRE', 'CDI', 'Execution', 'Direction des Finances et Budget', 'Dpt. Comptabilité Suivi Budgétaire', 'Service Comptabilité Analytique et suivi Budgétaire'),
('1221', 'AGGOUN', 'ABDEREZZAK', '2015-08-16', 'CONDUCTEUR D\'ENGIN NIV. I', 'CDI', 'Maitrise', 'Direction de Production', 'Dpt. Exploitation & Gestion Matières Premières', 'Service Exploiatation & Gestion. Mat. Premières'),
('1222', 'ZAIDI', 'FOUAD', '2015-08-16', 'CONDUCTEUR D\'ENGIN NIV. I', 'CDI', 'Maitrise', 'Direction de Production', 'Dpt. Exploitation & Gestion Matières Premières', 'Service Exploiatation & Gestion. Mat. Premières'),
('1223', 'BOUSNATE', 'NOUARI', '2015-08-16', 'CONDUCTEUR D\'ENGIN NIV. I', 'CDI', 'Maitrise', 'Direction de Production', 'Dpt. Fabrication', 'Service Fabrication'),
('1224', 'DIB', 'HAMZA', '2015-08-16', 'CONDUCTEUR D\'ENGIN NIV. I', 'CDI', 'Maitrise', 'Direction de Production', 'Dpt. Exploitation & Gestion Matières Premières', 'Service Exploiatation & Gestion. Mat. Premières'),
('1225', 'CHEURFAOUI', 'SAMI', '2015-08-16', 'CONDUCTEUR D\'ENGIN NIV. I', 'CDI', 'Maitrise', 'Direction de Production', 'Dpt. Exploitation & Gestion Matières Premières', 'Service Exploiatation & Gestion. Mat. Premières'),
('1226', 'CHACHA', 'ABDELHAFIDH', '2015-08-23', 'MAGASINIER', 'CDI', 'Execution', 'Direction des Approvisionnements', 'Dpt. Achats', 'Service Gestion des Stocks'),
('1227', 'HERRATHE', 'TOUFIK', '2015-08-23', 'MAGASINIER', 'CDI', 'Execution', 'Direction des Approvisionnements', 'Dpt. Achats', 'Service Gestion des Stocks'),
('1228', 'TICHI', 'SAMIR', '2015-09-01', 'MECANICIEN OHQ', 'CDI', 'Maitrise', 'Direction de Production', 'Dpt. Fabrication', 'Service Expédition'),
('1229', 'LAMAMRA', 'RIDHA', '2015-09-01', 'MECANICIEN OHQ', 'CDI', 'Maitrise', 'Direction de Production', 'Dpt. Fabrication', 'Zone Cru'),
('1230', 'GUEFFAF', 'MOHAMED', '2015-09-13', 'MECANICIEN OHQ', 'CDI', 'Maitrise', 'Direction de Production', 'Dpt. Fabrication', 'Service Utilité'),
('1231', 'NOUIOUA', 'ABDENACER', '2015-09-01', 'MECANICIEN OHQ', 'CDI', 'Maitrise', 'Direction de Production', 'Dpt. Exploitation & Gestion Matières Premières', 'Service Concassage'),
('1232', 'SEMARA', 'ADEL', '2015-09-01', 'INGENIEUR EN MECANIQUE', 'CDI', 'Cadre', 'Direction de Développement', 'Dpt. Entretien Mécanique', 'Zone Cuison'),
('1233', 'BENLAKHAL', 'ABDERRAHIM', '2015-09-01', 'INGENIEUR EN MECANIQUE', 'CDI', 'Cadre', 'Direction de Développement', 'Dpt. Fabrication', 'Service Fabrication'),
('1234', 'CHIOUNE', 'BILEL', '2015-09-01', 'INGENIEUR EN MECANIQUE', 'CDI', 'Cadre', 'Direction de Production', 'Dpt. Fabrication', 'Zone Cru'),
('1235', 'KHALOUA', 'LOTFI', '2015-09-01', 'INGENIEUR EN MECANIQUE', 'CDI', 'Cadre', 'Direction de Production', 'Dpt. Fabrication', 'Service Expédition'),
('1236', 'SMARA', 'TOUFIK', '2015-09-01', 'INGENIEUR EN MAINTENANCE M.R', 'CDI', 'Cadre', 'Direction de Production', 'Dpt. Exploitation & Gestion Matières Premières', 'Service Entretien Matériel Roulant'),
('1238', 'LAMRI', 'FAYSSAL', '2015-11-02', 'RONDIER', 'CDI', 'Maitrise', 'Direction de Production', 'Dpt. Fabrication', 'Service Fabrication'),
('1239', 'TALEB', 'ABDELHAK', '2015-11-02', 'CHEF DE POSTE EXPEDITION', 'CDI', 'Maitrise', 'Direction de Production', 'Dpt. Fabrication', 'Service Expédition'),
('124', 'DIB', 'BADREDIN', '2010-05-02', 'ASSISTANT PDG NIV II CHARGÉ DE L\'AUDIT', 'CDI', 'Cadre', 'Direction Générale', 'Direction Générale', NULL),
('1240', 'GHOUL', 'AYACHI', '2015-11-02', 'RONDIER', 'CDI', 'Maitrise', 'Direction de Production', 'Dpt. Fabrication', 'Service Fabrication'),
('1241', 'KECHAT', 'ABBES', '2015-11-02', 'MECANICIEN OHQ', 'CDI', 'Maitrise', 'Direction de Production', 'Dpt. Exploitation & Gestion Matières Premières', 'Service Entretien Matériel Roulant'),
('1242', 'KHELFAOUI', 'RIYADH', '2015-11-02', 'RONDIER', 'CDI', 'Maitrise', 'Direction de Production', 'Dpt. Fabrication', 'Service Fabrication'),
('1243', 'CHITER', 'FATEH', '2015-11-02', 'MECANICIEN OHQ', 'CDI', 'Maitrise', 'Direction de Production', 'Dpt. Exploitation & Gestion Matières Premières', 'Service Entretien Matériel Roulant'),
('1245', 'CHITER', 'TAYEB', '2015-11-02', 'RONDIER', 'CDI', 'Maitrise', 'Direction de Production', 'Dpt. Fabrication', 'Service Fabrication'),
('1246', 'BOUYOUCEF', 'NASSIM', '2015-11-01', 'T.S MECANIQUE', 'CDI', 'Maitrise', 'Direction de Production', 'Dpt. Exploitation & Gestion Matières Premières', 'Service Entretien Matériel Roulant'),
('1247', 'AYADI', 'CHAREF EDDINE', '2015-11-02', 'INGENIEUR EN MECANIQUE', 'CDI', 'Cadre', 'Direction de Production', 'Dpt. Entretien Mécanique', 'Service Utilité'),
('1248', 'BOUABDA', 'FAYCAL', '2015-11-02', 'INGENIEUR BEP (ZONE CONCASAGE)', 'CDI', 'Cadre', 'Direction de Production', 'Dpt. Exploitation & Gestion Matières Premières', 'Service Concassage'),
('1249', 'BELATEL', 'MOHAMED', '2015-11-02', 'INGENIEUR EN MECANIQUE', 'CDI', 'Cadre', 'Direction de Production', 'Dpt. Entretien Mécanique', 'Zone Ciment'),
('125', 'SAFIDDINE', 'HANI', '2010-05-02', 'CHEF SERVICE GESTION DES STOCKS', 'CDI', 'Cadre', 'Direction des Approvisionnements', 'Dpt. Achats', 'Service Gestion des Stocks'),
('1250', 'SLIMANI', 'ACHOUR', '2015-11-02', 'INGENIEUR EN MECANIQUE', 'CDI', 'Cadre', 'Direction de Production', 'Dpt. Entretien Mécanique', 'Zone Cru'),
('1251', 'MEKHALFIA', 'ABDELHALIM', '2015-11-02', 'INGENIEUR EN MECANIQUE', 'CDI', 'Cadre', 'Direction de Production', 'Dpt. Etudes & Méthodes', 'Service Concassage'),
('1252', 'BOUGUERRA', 'MAHDI', '2015-11-02', 'INGENIEUR BEP(EXPIDITION)', 'CDI', 'Cadre', 'Direction de Production', 'Dpt. Fabrication', 'Service Expédition'),
('1253', 'BELKHIRI', 'AZZEDDINE', '2015-11-02', 'INGENIEUR EN MECANIQUE', 'CDI', 'Cadre', 'Direction de Production', 'Dpt. Entretien Mécanique', 'Zone Cuison'),
('1254', 'TCHEIR', 'SAMI', '2015-11-02', 'INGENIEUR BEP(UTILITE)', 'CDI', 'Cadre', 'Direction de Production', 'Dpt.Mécanique', 'Service Utilité'),
('1255', 'BOULANAK', 'SAID', '2015-11-02', 'MECANICIEN OHQ', 'CDI', 'Maitrise', 'Direction de Production', 'Dpt. Exploitation & Gestion Matières Premières', 'Service Entretien Matériel Roulant'),
('1256', 'ZITOUNI', 'NADIR', '2015-11-08', 'RONDIER', 'CDI', 'Maitrise', 'Direction de Production', 'Dpt. Fabrication', 'Service Fabrication'),
('1259', 'ABDERREZAK', 'KAMEL', '2015-11-22', 'RONDIER', 'CDI', 'Maitrise', 'Direction de Production', 'Dpt. Fabrication', 'Service Fabrication'),
('1260', 'LADACI', 'BOUDJEMA', '2015-11-22', 'RONDIER', 'CDI', 'Maitrise', 'Direction de Production', 'Dpt. Fabrication', 'Service Fabrication'),
('1261', 'ZEMBOUT', 'FARID', '2015-11-22', 'RONDIER', 'CDI', 'Maitrise', 'Direction de Production', 'Dpt. Fabrication', 'Service Fabrication'),
('1262', 'BOUZERAA', 'HEMZA', '2015-11-22', 'RONDIER', 'CDI', 'Maitrise', 'Direction de Production', 'Dpt. Fabrication', 'Service Fabrication'),
('1263', 'MEKNASSI', 'HAMZA', '2015-11-22', 'RONDIER', 'CDI', 'Maitrise', 'Direction de Production', 'Dpt. Fabrication', 'Service Fabrication'),
('1265', 'ABDESSLAM', 'OMAR', '2015-11-22', 'RONDIER', 'CDI', 'Maitrise', 'Direction de Production', 'Dpt. Fabrication', 'Service Fabrication'),
('1266', 'BENKORICHI', 'KHIREDDINE', '2015-11-22', 'RONDIER', 'CDI', 'Maitrise', 'Direction de Production', 'Dpt. Fabrication', 'Service Fabrication'),
('1267', 'SACI', 'SALIM', '2015-11-22', 'RONDIER', 'CDI', 'Maitrise', 'Direction de Production', 'Dpt. Fabrication', 'Service Fabrication'),
('1268', 'BENBOUDINA', 'SALAH', '2015-11-23', 'RONDIER', 'CDI', 'Maitrise', 'Direction de Production', 'Dpt. Fabrication', 'Service Fabrication'),
('1271', 'DIAFAT', 'ABDESLAM', '2015-12-01', 'TECHNICIEN EN CHIMIE', 'CDI', 'Maitrise', 'Direction de Production', 'Dpt. Controle Qualité & Process', 'Service Controle Qualité'),
('1272', 'SEMARA', 'MOURAD', '2015-12-01', 'TECHNICIEN EN CHIMIE', 'CDI', 'Maitrise', 'Direction de Production', 'Dpt. Controle Qualité & Process', 'Service Controle Qualité'),
('1273', 'ADOUANE', 'TAREK', '2015-12-01', 'TECHNICIEN EN CHIMIE', 'CDI', 'Maitrise', 'Direction de Production', 'Dpt. Controle Qualité & Process', 'Service Controle Qualité'),
('1274', 'HERRAD', 'FATEH', '2015-12-01', 'TECHNICIEN EN CHIMIE', 'CDI', 'Maitrise', 'Direction de Production', 'Dpt. Controle Qualité & Process', 'Service Controle Qualité'),
('1275', 'GHEBACHE', 'KARIM', '2015-12-01', 'TECHNICIEN EN CHIMIE', 'CDI', 'Maitrise', 'Direction de Production', 'Dpt. Controle Qualité & Process', 'Service Controle Qualité'),
('1276', 'BENARIF', 'RABEH', '2015-12-06', 'AGENT DE FABRICATION', 'CDD', 'Execution', 'Direction de Production', 'Dpt. Fabrication', 'Service Expédition'),
('1277', 'ROUASKI', 'YOUNES', '2015-12-06', 'MINEUR', 'CDI', 'Maitrise', 'Direction de Production', 'Dpt. Exploitation & Gestion Matières Premières', 'Service Exploiatation & Gestion. Mat. Premières'),
('1278', 'BELAAZ', 'ABDERREZAK', '2015-12-06', 'MINEUR', 'CDI', 'Maitrise', 'Direction de Production', 'Dpt. Exploitation & Gestion Matières Premières', 'Service Exploiatation & Gestion. Mat. Premières'),
('1279', 'BOULESNANE', 'KHALED', '2015-12-06', 'MINEUR', 'CDI', 'Maitrise', 'Direction de Production', 'Dpt. Exploitation & Gestion Matières Premières', 'Service Exploiatation & Gestion. Mat. Premières'),
('1281', 'BERKANI', 'TOUFIK', '2015-12-06', 'MINEUR', 'CDI', 'Maitrise', 'Direction de Production', 'Dpt. Exploitation & Gestion Matières Premières', 'Service Exploiatation & Gestion. Mat. Premières'),
('1282', 'MELAB', 'BOUBAKEUR', '2015-12-06', 'CHEF DE DEPARTEMENT RESSOURCES HUMAINES', 'CDI', 'Cadre', 'Direction des Ressources Humaines', 'Dpt. Ressources Humaines', NULL),
('1283', 'RIDJALINE', 'ABDELHAK', '2016-01-03', 'TECHNICIEN EN CHIMIE', 'CDI', 'Maitrise', 'Direction de Production', 'Dpt. Controle Qualité & Process', 'Service Controle Qualité'),
('1284', 'AYAT', 'TAREK', '2016-01-03', 'TECHNICIEN EN CHIMIE', 'CDI', 'Maitrise', 'Direction de Production', 'Dpt. Controle Qualité & Process', 'Service Controle Qualité'),
('1285', 'ABED', 'ABDELGHANI', '2016-01-03', 'TECHNICIEN EN CHIMIE', 'CDI', 'Maitrise', 'Direction de Production', 'Dpt. Controle Qualité & Process', 'Service Controle Qualité'),
('1286', 'SOUICI', 'YASSINE', '2016-03-01', 'TOURNOUR', 'CDI', 'Execution', 'Direction de Production', 'Dpt. Entretien Mécanique', 'Service mécanique'),
('1287', 'HASSAIN', 'ABOUBAKER', '2016-03-06', 'AGENT DE SECURITE INDUSTRIEL', 'CDI', 'Maitrise', 'Direction de Développement Durable & Sécurité', 'Dpt. Hygiène, Sécurité & Envirennement', 'Service Intervention'),
('1288', 'BOULIL', 'AHMED', '2016-04-10', 'INGENIEUR EN AUTOMATISME', 'CDI', 'Cadre', 'Direction de Production', 'Dpt. Electricité &Automatisme', 'Service Automatisme'),
('1289', 'LAKEHAL', 'DJAMEL EDDINE', '2016-04-10', 'INGENIEUR EN ELECTRICITE', 'CDI', 'Cadre', 'Direction de Production', 'Dpt. Electricité &Automatisme', 'Service Electricité'),
('1290', 'DEFFAR', 'TOUFIK', '2016-04-10', 'INGENIEUR EN ELECTRICITE', 'CDI', 'Cadre', 'Direction de Production', 'Dpt. Electricité &Automatisme', 'Service Fabrication'),
('1291', 'MAMACHE', 'BILLEL', '2016-04-10', 'INGENIEUR EN AUTOMATISME', 'CDI', 'Cadre', 'Direction de Production', 'Dpt. Electricité &Automatisme', 'Service Automatisme'),
('1292', 'ZEGHMOUR', 'BELKACEM', '2016-04-10', 'INGENIEUR EN AUTOMATISME', 'CDI', 'Cadre', 'Direction de Production', 'Dpt. Electricité &Automatisme', 'Service Automatisme'),
('1293', 'SAKHRI', 'AZZEDDINE', '2016-04-10', 'INGENIEUR EN AUTOMATISME', 'CDI', 'Cadre', 'Direction de Production', 'Dpt. Electricité &Automatisme', 'Service Automatisme'),
('1294', 'GHANEM', 'ABDELHAKIM', '2016-04-10', 'INGENIEUR EN ELECTRICITE', 'CDI', 'Cadre', 'Direction de Production', 'Dpt. Electricité &Automatisme', 'Service Electricité'),
('1295', 'OUADFEL', 'ABDELAZIZ', '2016-04-10', 'INGENIEUR EN ELECTRICITE', 'CDI', 'Cadre', 'Direction de Production', 'Dpt. Electricité &Automatisme', 'Service Electricité'),
('1296', 'HASSAD', 'ABDELHALIM', '2016-04-10', 'INGENIEUR EN ELECTRICITE', 'CDI', 'Cadre', 'Direction de Production', 'Dpt. Electricité &Automatisme', 'Service Electricité'),
('1297', 'BENCHELALI', 'AHMED', '2016-05-02', 'RONDIER', 'CDI', 'Maitrise', 'Direction de Production', 'Dpt. Fabrication', 'Service Fabrication'),
('1298', 'BENAINA', 'HAKIM', '2016-05-02', 'RONDIER', 'CDI', 'Maitrise', 'Direction de Production', 'Dpt. Fabrication', 'Service Fabrication'),
('1299', 'NASRI', 'DAOUD', '2016-05-04', 'RONDIER', 'CDI', 'Maitrise', 'Direction de Production', 'Dpt. Fabrication', 'Service Fabrication'),
('1300', 'BETCHIM', 'FATTEH', '2016-05-02', 'RONDIER', 'CDI', 'Maitrise', 'Direction de Production', 'Dpt. Fabrication', 'Service Fabrication'),
('1301', 'SEDID', 'SOUHAIB', '2016-05-02', 'RONDIER', 'CDI', 'Maitrise', 'Direction de Production', 'Dpt. Fabrication', 'Service Fabrication'),
('1302', 'AFOUN', 'ANIS', '2016-05-02', 'RONDIER', 'CDI', 'Maitrise', 'Direction de Production', 'Dpt. Fabrication', 'Service Fabrication'),
('1303', 'BELHAOUCHAT', 'AHMED', '2016-05-02', 'RONDIER', 'CDI', 'Maitrise', 'Direction de Production', 'Dpt. Fabrication', 'Service Fabrication'),
('1304', 'ABDESSELAM', 'SAAD', '2016-05-02', 'RONDIER', 'CDI', 'Maitrise', 'Direction de Production', 'Dpt. Fabrication', 'Service Fabrication'),
('1305', 'BOUGHAREB', 'IMAD', '2016-05-02', 'RONDIER', 'CDI', 'Maitrise', 'Direction de Production', 'Dpt. Fabrication', 'Service Fabrication'),
('1306', 'HAFED', 'AMINE', '2016-05-02', 'INGENIEUR EN ELECTRICITE', 'CDI', 'Cadre', 'Direction de Production', 'Dpt. Electricité &Automatisme', 'Service Electricité'),
('1307', 'MAAMERI', 'YOUCEF', '2016-06-01', 'AGENT DE SECURITE INDUSTRIEL', 'CDD', 'Maitrise', 'Direction de Développement Durable & Sécurité', 'Dpt. Hygiène, Sécurité & Envirennement', 'Service Intervention'),
('1308', 'FOUDI', 'OUALID', '2016-06-01', 'MINEUR', 'CDI', 'Maitrise', 'Direction de Production', 'Dpt. Exploitation & Gestion Matières Premières', 'Service Exploiatation & Gestion. Mat. Premières'),
('1309', 'CHAOUI', 'HALIM', '2016-06-06', 'RONDIER', 'CDI', 'Maitrise', 'Direction de Production', 'Dpt. Fabrication', 'Service Fabrication'),
('1310', 'BEGHAMI', 'IDRIS', '2016-06-06', 'RONDIER', 'CDI', 'Maitrise', 'Direction de Production', 'Dpt. Fabrication', 'Service Fabrication'),
('1313', 'ZENAZEL', 'KARIM', '2016-06-06', 'RONDIER', 'CDI', 'Maitrise', 'Direction de Production', 'Dpt. Fabrication', 'Service Fabrication'),
('1314', 'BRAHMI', 'AREF', '2016-06-14', 'AGENT DE SECURITE INDUSTRIEL', 'CDD', 'Maitrise', 'Direction de Développement Durable & Sécurité', 'Dpt. Hygiène, Sécurité & Envirennement', 'Service Intervention'),
('1315', 'BOUDJENOUIA', 'ABDENOUR', '2016-06-15', 'AGENT DE SECURITE INDUSTRIEL', 'CDI', 'Execution', 'Direction de Développement Durable & Sécurité', 'Dpt. Hygiène, Sécurité & Envirennement', 'Service Intervention'),
('1316', 'AMROUNE', 'NACER EDDINE', '2016-06-14', 'AGENT DE SECURITE INDUSTRIEL', 'CDI', 'Maitrise', 'Direction de Développement Durable & Sécurité', 'Dpt. Hygiène, Sécurité & Envirennement', 'Service Intervention'),
('1317', 'GRIDI', 'NACIM', '2016-06-14', 'AGENT DE SECURITE INDUSTRIEL', 'CDI', 'Maitrise', 'Direction de Développement Durable & Sécurité', 'Dpt. Hygiène, Sécurité & Envirennement', 'Service Intervention'),
('1319', 'ALLAG', 'ABDELMALEK', '2016-07-01', 'ÉCHANTILLONNEUR', 'CDI', 'Execution', 'Direction de Développement Durable & Sécurité', 'Dpt. Controle Qualité & Process', 'Service Controle Qualité'),
('1320', 'BENFATIMA', 'ADEL', '2016-08-14', 'CONDUCTEUR D\'ENGIN NIV. I', 'CDD', 'Maitrise', 'Direction de Production', 'Dpt. Exploitation & Gestion Matières Premières', 'Service Exploiatation & Gestion. Mat. Premières'),
('1321', 'BENLAOUER', 'ABDELHAK', '2016-08-14', 'CONDUCTEUR D\'ENGIN NIV. I', 'CDD', 'Maitrise', 'Direction de Production', 'Dpt. Exploitation & Gestion Matières Premières', 'Service Exploiatation & Gestion. Mat. Premières'),
('1322', 'KHEBAB', 'AMMAR', '2016-08-14', 'CONDUCTEUR D\'ENGIN NIV. I', 'CDD', 'Maitrise', 'Direction de Production', 'Dpt. Exploitation & Gestion Matières Premières', 'Service Exploiatation & Gestion. Mat. Premières'),
('1323', 'LAIB', 'SAID', '2016-08-14', 'CONDUCTEUR D\'ENGIN NIV. I', 'CDD', 'Maitrise', 'Direction de Production', 'Dpt. Exploitation & Gestion Matières Premières', 'Service Exploiatation & Gestion. Mat. Premières'),
('1324', 'KECHAT', 'ABDELHAK', '2016-08-14', 'CONDUCTEUR D\'ENGIN NIV. I', 'CDD', 'Maitrise', 'Direction de Production', 'Dpt. Exploitation & Gestion Matières Premières', 'Service Exploiatation & Gestion. Mat. Premières'),
('1325', 'HENOUZ', 'NABIL', '2016-08-14', 'CONDUCTEUR D\'ENGIN NIV. I', 'CDD', 'Maitrise', 'Direction de Production', 'Dpt. Exploitation & Gestion Matières Premières', 'Service Exploiatation & Gestion. Mat. Premières'),
('1326', 'SAKHRI', 'BACHIR', '2016-08-14', 'CONDUCTEUR D\'ENGIN NIV. I', 'CDD', 'Maitrise', 'Direction de Production', 'Dpt. Exploitation & Gestion Matières Premières', 'Service Exploiatation & Gestion. Mat. Premières'),
('1327', 'DAACHI', 'HABIB', '2016-08-14', 'CONDUCTEUR D\'ENGIN NIV. I', 'CDD', 'Maitrise', 'Direction de Production', 'Dpt. Exploitation & Gestion Matières Premières', 'Service Exploiatation & Gestion. Mat. Premières'),
('1328', 'MOUMEN', 'ZIN EL ABIDDINE', '2016-10-02', 'MECANICIEN OHQ', 'CDD', 'Maitrise', 'Direction de Production', 'Dpt.Mécanique', 'Service Utilité'),
('1330', 'BOUOUDINA', 'SOFIANE', '2016-10-06', 'CHEF SERVICE FINANCE ET TRÉSORIER', 'CDI', 'Cadre', 'Direction des Finances et Budget', 'Dpt. Trésorerie et Budget', 'Service Trésorerie'),
('1331', 'LAOUER', 'YASSINE', '2016-10-18', 'CONDUCTEUR D\'ENGIN NIV. I', 'CDD', 'Maitrise', 'Direction de Production', 'Dpt. Exploitation & Gestion Matières Premières', 'Service Exploiatation & Gestion. Mat. Premières'),
('1332', 'BELKHIR', 'BADIS', '2016-10-18', 'CONDUCTEUR D\'ENGIN NIV. I', 'CDD', 'Maitrise', 'Direction de Production', 'Dpt. Exploitation & Gestion Matières Premières', 'Service Exploiatation & Gestion. Mat. Premières'),
('1333', 'ZITOUNI', 'FOUAD', '2016-10-18', 'CONDUCTEUR D\'ENGIN NIV. I', 'CDD', 'Maitrise', 'Direction de Production', 'Dpt. Exploitation & Gestion Matières Premières', 'Service Exploiatation & Gestion. Mat. Premières'),
('1334', 'KACIMI', 'DJAMELEDDINE', '2016-10-18', 'CONDUCTEUR D\'ENGIN NIV. I', 'CDD', 'Maitrise', 'Direction de Production', 'Dpt. Exploitation & Gestion Matières Premières', 'Service Exploiatation & Gestion. Mat. Premières'),
('1335', 'FENNI', 'MOUSSA', '2016-10-18', 'CONDUCTEUR D\'ENGIN NIV. I', 'CDD', 'Maitrise', 'Direction de Production', 'Dpt. Exploitation & Gestion Matières Premières', 'Service Exploiatation & Gestion. Mat. Premières'),
('1336', 'RAHAL', 'IMAD', '2016-10-18', 'CONDUCTEUR D\'ENGIN NIV. I', 'CDD', 'Maitrise', 'Direction de Production', 'Dpt. Exploitation & Gestion Matières Premières', 'Service Exploiatation & Gestion. Mat. Premières'),
('1337', 'IKENE', 'EDIR', '2016-10-18', 'CONDUCTEUR D\'ENGIN NIV. I', 'CDD', 'Maitrise', 'Direction de Production', 'Dpt. Exploitation & Gestion Matières Premières', 'Service Exploiatation & Gestion. Mat. Premières'),
('1338', 'CHAGROUNE', 'MABROUK', '2016-11-06', 'AGENT DE SECURITE INDUSTRIEL', 'CDD', 'Execution', 'Direction de Développement Durable & Sécurité', 'Dpt. Hygiène, Sécurité & Envirennement', 'Service Intervention'),
('1339', 'BENAZIZ', 'SOFIENE', '2016-11-06', 'AGENT DE SECURITE INDUSTRIEL', 'CDD', 'Execution', 'Direction de Développement Durable & Sécurité', 'Dpt. Hygiène, Sécurité & Envirennement', 'Service Intervention'),
('1340', 'DJAREF', 'BILLEL', '2016-11-06', 'AGENT DE SECURITE INDUSTRIEL', 'CDD', 'Execution', 'Direction de Développement Durable & Sécurité', 'Dpt. Hygiène, Sécurité & Envirennement', 'Service Intervention'),
('1341', 'BEGAG', 'KHALED', '2016-11-08', 'TOURNOUR', 'CDI', 'Execution', 'Direction de Production', 'Dpt. Entretien Mécanique', 'Service mécanique'),
('1342', 'DJERRAD', 'ABDELMOUMENE', '2016-11-21', 'ASSISTANT PDG NIV III CHARGÉ DU CONTRÔLE DE GESTION', 'CDI', 'Cadre', 'Direction Générale', NULL, NULL),
('1343', 'AYAT', 'KHIRREDINE', '2016-12-01', 'AGENT ADMINISTRATIF (CORESPENDANT SOCIAL)', 'CDD', 'Execution', 'Direction des Ressources Humaines', 'Dpt. Gestion des Compétences & des moyens', 'Service Oeuvres Sociales et Moyens Généreaux'),
('1344', 'CHEKHCHOUKH', 'BOUBAKR ESSADDIQ', '2016-12-13', 'INGENIEUR EN INFORMATIQUE', 'CDD', 'Cadre', 'Direction de Développement', 'Dpt. Technologie de L\'information et de la communication', 'Service Informatique'),
('1345', 'BAHLOUL', 'LAKHDAR', '2000-09-01', 'AGENT DE FABRICATION', 'CDI', 'Execution', 'Direction de Production', 'Dpt. Fabrication', 'Service Fabrication'),
('1346', 'OUNOUGHI', 'MOHAMMED', '2003-09-11', 'AGENT DE FABRICATION', 'CDI', 'Execution', 'Direction de Production', 'Dpt. Fabrication', 'Service Fabrication'),
('1347', 'SATOUR', 'MESSAOUD', '1997-10-09', 'AGENT DE FABRICATION', 'CDI', 'Execution', 'Direction de Production', 'Dpt. Fabrication', 'Service Fabrication'),
('1348', 'OUNOUGHI', 'ABDERRAZAK', '2000-02-01', 'CONTREMAITRE', 'CDI', 'Maitrise', 'Direction de Production', 'Dpt. Fabrication', 'Service Expédition'),
('1349', 'BELLALA', 'MOURAD', '1995-02-01', 'BASCULIER', 'CDI', 'Maitrise', 'Direction des Approvisionnements', 'Dpt. Achats', 'Service Achat'),
('1350', 'BOUNAB', 'MAAMAR YAZID', '2002-05-01', 'CONDUCTEUR D\'ENGIN NIV. I', 'CDI', 'Execution', 'Direction de Production', 'Dpt. Exploitation & Gestion Matières Premières', 'Service Exploiatation & Gestion. Mat. Premières'),
('1351', 'BRAHIMI', 'KADOUR', '2000-10-08', 'CONDUCTEUR D\'ENGIN NIV. I', 'CDI', 'Maitrise', 'Direction de Production', 'Dpt. Exploitation & Gestion Matières Premières', 'Service Exploiatation & Gestion. Mat. Premières'),
('1352', 'KACIR', 'AMMAR', '2003-04-01', 'CONDUCTEUR D\'ENGIN NIV. I', 'CDI', 'Execution', 'Direction de Production', 'Dpt. Exploitation & Gestion Matières Premières', 'Service Exploiatation & Gestion. Mat. Premières'),
('1353', 'LOUZ', 'ABDELMALEK', '1998-10-09', 'CONDUCTEUR D\'ENGIN NIV. I', 'CDI', 'Maitrise', 'Direction de Production', 'Dpt. Exploitation & Gestion Matières Premières', 'Service Exploiatation & Gestion. Mat. Premières'),
('1354', 'SEBAHI', 'AMMAR', '1998-06-02', 'CONDUCTEUR D\'ENGIN NIV. I', 'CDI', 'Maitrise', 'Direction de Production', 'Dpt. Exploitation & Gestion Matières Premières', 'Service Exploiatation & Gestion. Mat. Premières'),
('1355', 'SAADOUNE', 'NOUREDDINE', '1991-07-06', 'GESTIONNAIRE DU PERSONNEL', 'CDI', 'Maitrise', 'Direction des Ressources Humaines', 'Dpt. Formation & recrutement, Gestion des emplois et des carrières prof', 'Service Gestion des compétences'),
('1356', 'MEZIANE', 'SAOUDI', '2002-12-10', 'AGENT DE FABRICATION', 'CDI', 'Execution', 'Direction de Production', 'Dpt. Fabrication', 'Service Fabrication'),
('1357', 'SAADI', 'MESSAOUD', '1992-05-05', 'AGENT DE SECURITE INDUSTRIEL', 'CDI', 'Execution', 'Direction de Production', 'Dpt. Fabrication', 'Service Expédition'),
('1358', 'BENSAFIA', 'RAMDANE', '1997-10-08', 'AGENT DE FABRICATION', 'CDI', 'Execution', 'Direction de Production', 'Dpt. Fabrication', 'Service Fabrication'),
('1359', 'FERDJALLAH', 'DJAAFAR', '1995-10-01', 'CHEF SECTION COMPTABILITE ANALYTIQUE', 'CDI', 'Cadre', 'Direction des Finances et Budget', 'Dpt. Comptabilité Suivi Budgétaire', 'Service comptabilité Générale'),
('1360', 'NECHNACHE', 'FATINE', '2011-02-01', 'COMPTABLE', 'CDI', 'Maitrise', 'Direction des Finances et Budget', 'Dpt. Comptabilité Suivi Budgétaire', 'Service comptabilité Générale'),
('1361', 'BOULIL', 'MOHAMED', '2017-01-24', 'AGENT DE SECURITE INDUSTRIEL', 'CDD', 'Execution', 'Direction de Développement Durable & Sécurité', 'Dpt. Hygiène, Sécurité & Envirennement', 'Service Intervention'),
('1362', 'BOUTEFAHA', 'ISSAM', '2017-01-24', 'AGENT DE SECURITE INDUSTRIEL', 'CDD', 'Execution', 'Direction de Développement Durable & Sécurité', 'Dpt. Hygiène, Sécurité & Envirennement', 'Service Intervention'),
('1363', 'BOUKEZATA', 'ZAKARYA', '2017-01-24', 'AGENT DE SECURITE INDUSTRIEL', 'CDD', 'Execution', 'Direction de Développement Durable & Sécurité', 'Dpt. Hygiène, Sécurité & Envirennement', 'Service Intervention'),
('1364', 'ZOKRAMI', 'ABDELKRIM', '2017-01-24', 'AGENT DE SECURITE INDUSTRIEL', 'CDD', 'Execution', 'Direction de Développement Durable & Sécurité', 'Dpt. Hygiène, Sécurité & Envirennement', 'Service Intervention'),
('1365', 'BOUTICHE', 'MOHAMED AMINE', '2017-02-07', 'CONDUCTEUR D\'ENGIN NIV. I', 'CDD', 'Maitrise', 'Direction de Production', 'Dpt. Exploitation & Gestion Matières Premières', 'Service Exploiatation & Gestion. Mat. Premières'),
('1366', 'MILA', 'IMAD', '2017-02-07', 'CONDUCTEUR D\'ENGIN NIV. I', 'CDD', 'Maitrise', 'Direction de Production', 'Dpt. Exploitation & Gestion Matières Premières', 'Service Exploiatation & Gestion. Mat. Premières'),
('1367', 'MEZGHICHE', 'ZINEDDINE', '2017-02-07', 'CONDUCTEUR D\'ENGIN NIV. I', 'CDD', 'Maitrise', 'Direction de Production', 'Dpt. Exploitation & Gestion Matières Premières', 'Service Exploiatation & Gestion. Mat. Premières'),
('1368', 'BELLOUT', 'WALID', '2017-02-07', 'CONDUCTEUR D\'ENGIN NIV. I', 'CDD', 'Maitrise', 'Direction de Production', 'Dpt. Exploitation & Gestion Matières Premières', 'Service Exploiatation & Gestion. Mat. Premières'),
('1369', 'BOUZOURINE', 'HILEL', '2017-02-07', 'CONDUCTEUR D\'ENGIN NIV. I', 'CDD', 'Maitrise', 'Direction de Production', 'Dpt. Exploitation & Gestion Matières Premières', 'Service Exploiatation & Gestion. Mat. Premières'),
('1370', 'KHERIS', 'ADEL', '2017-03-19', 'INGENIEUR D\'EXPLOITATION DES MINES', 'CDD', 'Cadre', 'Direction de Production', 'Dpt. Exploitation & Gestion Matières Premières', 'Service Exploiatation & Gestion. Mat. Premières'),
('1371', 'MESSAHLI', 'ABDELOUAHAB', '2004-03-23', 'CHEF SECTION PROCESS', 'CDI', 'Cadre', 'Direction de Production', 'Dpt. Controle Qualité & Process', 'Service Process'),
('1372', 'DRISSI', 'ABDELHALIM', '2017-05-02', 'GRUTIER', 'CDD', 'Maitrise', 'Direction de Production', 'Dpt. Entretien Mécanique', 'Service mécanique'),
('1373', 'MOSTEFAI', 'KARIM', '2017-06-12', 'AGENT COMMERCIAL', 'CDD', 'Execution', 'Diretion Commercial & Marketing', 'Dpt. Commercial', 'Service Facturation & Enlèvement'),
('1374', 'TOUATI', 'ABDERRAZAK', '2017-07-10', 'CHEF DE QUART SECURITE', 'CDD', 'Maitrise', 'Direction de Développement Durable & Sécurité', 'Dpt. Hygiène, Sécurité & Envirennement', 'Service Intervention'),
('1375', 'LARIBA', 'LOUNIS', '2017-08-27', 'CONDUCTEUR D\'ENGIN NIV. I', 'CDD', 'Maitrise', 'Direction de Production', 'Dpt. Exploitation & Gestion Matières Premières', 'Service Exploiatation & Gestion. Mat. Premières'),
('1376', 'ZAHOUA', 'SALIM', '2017-08-27', 'CONDUCTEUR D\'ENGIN NIV. I', 'CDD', 'Maitrise', 'Direction de Production', 'Dpt. Exploitation & Gestion Matières Premières', 'Service Exploiatation & Gestion. Mat. Premières'),
('1377', 'ZEGHMOURI', 'ERRABIA', '2017-08-27', 'CONDUCTEUR D\'ENGIN NIV. I', 'CDD', 'Maitrise', 'Direction de Production', 'Dpt. Exploitation & Gestion Matières Premières', 'Service Exploiatation & Gestion. Mat. Premières'),
('1378', 'BENSLIM', 'ISMAIL', '2017-08-27', 'CONDUCTEUR D\'ENGIN NIV. I', 'CDD', 'Maitrise', 'Direction de Production', 'Dpt. Exploitation & Gestion Matières Premières', 'Service Exploiatation & Gestion. Mat. Premières'),
('1379', 'NOUAR', 'KHALED', '2017-08-27', 'CONDUCTEUR D\'ENGIN NIV. I', 'CDD', 'Maitrise', 'Direction de Production', 'Dpt. Exploitation & Gestion Matières Premières', 'Service Exploiatation & Gestion. Mat. Premières'),
('1380', 'MEZIANI', 'HEMZA', '2017-08-27', 'GRUTIER', 'CDD', 'Maitrise', 'Direction de Production', 'Dpt. Entretien Mécanique', 'Service Mécanique et Chaudronnerie'),
('1381', 'LEKDIM', 'IDRIS', '2017-08-27', 'CONDUCTEUR D\'ENGIN NIV. I', 'CDD', 'Maitrise', 'Direction de Production', 'Dpt. Exploitation & Gestion Matières Premières', 'Service Exploiatation & Gestion. Mat. Premières'),
('1382', 'ZOGHLAMI', 'RANIA', '2015-12-01', 'CADRE FINANCIER CHARGE CONTROLE DE LA GESTION', 'CDI', 'Cadre', 'Direction des Finances et Budget', 'Dpt. Comptabilité Suivi Budgétaire', 'Service Comptabilité Analytique et suivi Budgétaire'),
('1383', 'BENADDAD', 'CHERIF', '2018-01-02', 'CADRE FINANCIER', 'CDD', 'Cadre', 'Direction des Finances et Budget', 'Dpt. Comptabilité Suivi Budgétaire', 'Service comptabilité Générale'),
('1384', 'NOUARI', 'KHALIL', '2018-01-21', 'AGENT DE SECURITE INDUSTRIEL', 'CDD', 'Execution', 'Direction de Développement Durable & Sécurité', NULL, 'Service Intervention'),
('1385', 'DJOUDI', 'SOFIANE', '2018-01-29', 'AGENT DE SECURITE INDUSTRIEL', 'CDD', 'Execution', 'Direction de Développement Durable & Sécurité', NULL, 'Service Intervention'),
('1386', 'LAHLAH', 'ABDELHAKIM', '2018-02-01', 'CHAUFFEUR/ACHETEUR', 'CDD', 'Maitrise', 'Direction des Approvisionnements', 'Dpt. Achats', 'Service Achat'),
('1387', 'BENBAIZA', 'BILAL', '2018-07-15', 'CONDUCTEUR D\'ENGIN NIV I', 'CDD', 'Maitrise', 'Direction de Production', 'Dpt. Exploitation & Gestion Matières Premières', 'Service Concassage'),
('1388', 'BENYOUCEF', 'SOUHEIB', '2018-05-20', 'AGENT DE FABRICATION', 'CDD', 'Execution', 'Direction de Production', 'Dpt. Fabrication', 'Service Fabrication'),
('1389', 'MILA', 'RAFIK', '2018-07-15', 'CONDUCTEUR D\'ENGIN NIV I', 'CDD', 'Maitrise', 'Direction de Production', 'Dpt. Exploitation & Gestion Matières Premières', 'Service Concassage'),
('1390', 'KHALDI', 'FOUAD', '2018-07-15', 'CONDUCTEUR D\'ENGIN NIV I', 'CDD', 'Maitrise', 'Direction de Production', 'Dpt. Exploitation & Gestion Matières Premières', 'Service Concassage'),
('1391', 'ALIOUI', 'CHAOUKI', '2018-07-15', 'CONDUCTEUR D\'ENGIN NIV I', 'CDD', 'Maitrise', 'Direction de Production', 'Dpt. Exploitation & Gestion Matières Premières', 'Service Concassage'),
('1401', 'BOUAKAZ', 'NOURREDINE', '1987-04-18', 'DIRECTEUR DES RESSOURCES HUMAINES (C.D)', 'CDI', 'Cadre', 'Direction Générale', NULL, NULL),
('1411', 'BOUTICHE', 'ABDELHAMID', '1999-01-21', 'CHEF DE POSTE EXPEDITION', 'CDI', 'Maitrise', 'Direction de Production', 'Dpt. Fabrication', 'Service Expédition'),
('1421', 'AICHOUR', 'LAKHDAR', '1984-10-07', 'DIRECTEUR DES AFFAIRES JURIDIQUES ET CONTENTIEUX', 'CDI', 'Cadre', 'Direction Générale', NULL, NULL),
('15', 'LARBAOUI', 'EMBAREK', '2015-09-15', 'ASSISTANT PDG NIV. I', 'CDI', 'Cadre', 'Direction Générale', NULL, NULL),
('1547', 'LAMECHE', 'LEMNAOUER', '2015-08-02', 'DECLARANT EN DOUANE', 'CDI', 'Maitrise', 'Direction des Approvisionnements', 'Dpt. Achats', 'Service Achat'),
('1548', 'KADEM', 'MOURAD', '2013-12-02', 'Agent de transite chargé douane', 'CDI', 'Maitrise', 'Direction des Approvisionnements', 'Dpt. Achats', 'Service Achat'),
('1549', 'HADDAR', 'ABDERRAZEK', '2013-11-10', 'INGENIEUR EN ELECTROTECHNIQUE', 'CDI', 'Cadre', 'Direction de Production', 'Dpt. Electricité &Automatisme', 'Service Automatisme'),
('1550', 'CHAABNA', 'AHLEM', '2013-11-10', 'CHEF SERVICE PREVENTION ET PROTECTION DE L\'ENVIRONNEMENT', 'CDI', 'Cadre', 'Direction Générale', 'Dpt. Hygiène, Sécurité & Envirennement', NULL),
('1551', 'BOUHSSANE', 'FAYCAL', '2013-11-10', 'INGENIEUR EN CHIMIE', 'CDI', 'Cadre', 'Direction de Développement', 'Dpt. Controle Qualité & Process', 'Service Controle Qualité'),
('1552', 'SMARA', 'ABDELGHANI', '2013-11-10', 'TECHNICIEN EN CHIMIE INDUTRIEL', 'CDI', 'Maitrise', 'Direction de Production', 'Dpt. Controle Qualité & Process', 'Service Controle Qualité'),
('1553', 'BENATHMANE', 'KHIR EDDINE', '2013-11-10', 'INGENIEUR EN ELECTRICITE INDUSTRIEL ET AUTOMATISME', 'CDI', 'Cadre', 'Direction de Développement', 'Dpt. Electricité &Automatisme', 'Projet Electricité'),
('1554', 'NEDJMA', 'ZINEDDINE', '2013-11-10', 'PREPARATEUR ELECTRICITE', 'CDI', 'Cadre', 'Direction de Production', 'Dpt. Etudes & Méthodes', 'Service Etudes et Méthodes'),
('1555', 'CHELOUCHE', 'YOUCEF', '2013-11-10', 'T.S EN ELECTRICITE ET AUTOMATISME', 'CDI', 'Maitrise', 'Direction de Production', 'Dpt. Fabrication', 'Service Fabrication'),
('1556', 'MECHTOUB', 'FOUAD', '2013-11-10', 'INGENIEUR EN ELECTROTECHNIQUE INDUSTRIEL', 'CDI', 'Cadre', 'Direction de Production', 'Dpt. Electricité &Automatisme', 'Service Electricité'),
('1557', 'BENATIA', 'ABDENACER', '2013-11-10', 'INGENIEUR EN ELECTROTECHNIQUE', 'CDI', 'Cadre', 'Direction de Production', 'Dpt. Electricité &Automatisme', 'Service Automatisme'),
('1558', 'CHENITI', 'SOFIENE', '2013-12-01', 'CHEF SERVICE ETUDES ET METHODES', 'CDI', 'Cadre', 'Direction de Production', 'Dpt. Etudes & Méthodes', 'Service Etudes et Méthodes'),
('1559', 'BOUSSAFSAF', 'WALID', '2013-12-01', 'Ingenieur en mécanique industriel', 'CDI', 'Cadre', 'Direction de Production', 'Dpt. Etudes & Méthodes', 'Service Etudes et Méthodes'),
('1560', 'MAHMOUDI', 'ABDELKADER', '2004-11-02', 'OPERATEUR SALLE DE CONTRÔLE', 'CDI', 'Maitrise', 'Direction de Production', 'Dpt. Fabrication', 'Service Fabrication'),
('1561', 'DRIAS', 'YASSINE', '2004-11-20', 'CHEF SERVICE UTILITE', 'CDI', 'Cadre', 'Direction de Production', 'Dpt. Entretien Mécanique', 'Service Utilité'),
('1562', 'BOUACID', 'KHALLIL', '2004-11-02', 'CHEF SECTION B.E.P', 'CDI', 'Cadre', 'Direction de Production', 'Dpt. Etudes & Méthodes', 'Service Etudes et Méthodes'),
('1563', 'KHENTOUCHE', 'ABDELHAFID', '2004-11-20', 'VULCANISATEUR', 'CDI', 'Execution', 'Direction de Production', 'Dpt. Exploitation & Gestion Matières Premières', 'Service Entretien Matériel Roulant'),
('1564', 'BOUAOUD', 'RAOUF', '2004-12-11', 'CHEF SECTION MATERIELS ROULANTS', 'CDI', 'Cadre', 'Direction de Production', 'Dpt. Exploitation & Gestion Matières Premières', 'Service Entretien Matériel Roulant'),
('1565', 'CHAKRI', 'MAKHLOUF', '2004-12-12', 'CHEF DE ZONE CRU', 'CDI', 'Cadre', 'Direction de Production', 'Dpt. Fabrication', 'Zone Cru'),
('1566', 'LAHLALI', 'BEDREDINE', '2004-12-11', 'OPERATEUR SALLE DE CONTROLE NIV 1', 'CDI', 'Cadre', 'Direction de Production', 'Dpt. Fabrication', 'Service Fabrication'),
('1567', 'BENHAMA', 'YOUCEF', '2004-12-11', 'CHEF DE POSTE PRODUCTION', 'CDI', 'Cadre', 'Direction de Production', 'Dpt. Fabrication', 'Service Fabrication'),
('1568', 'AMARA', 'ZOUBIR', '2004-12-12', 'CHEF DE ZONE CIMENTS', 'CDI', 'Cadre', 'Direction de Production', 'Dpt. Fabrication', 'Zone Ciment'),
('1569', 'ZIGHEM', 'ALI', '2004-12-12', 'OPERATEUR SALLE DE CONTROLE NIV 1', 'CDI', 'Cadre', 'Direction de Production', 'Dpt. Fabrication', 'Service Fabrication'),
('1570', 'DEGHAR', 'ABDENACER', '2004-12-13', 'OPERATEUR SALLE DE CONTRÔLE', 'CDI', 'Maitrise', 'Direction de Production', 'Dpt. Fabrication', 'Service Fabrication'),
('1571', 'BENSMAIL', 'ABDERAZAK', '2005-06-01', 'INGENIEUR DE SYSTEME', 'CDI', 'Cadre', 'Direction de Production', 'Dpt. Electricité &Automatisme', 'Service Fabrication'),
('1572', 'AZZOUZ', 'DAHMANE', '2004-12-15', 'OPERATEUR SALLE DE CONTROLE NIV 1', 'CDI', 'Cadre', 'Direction de Production', 'Dpt. Fabrication', 'Service Fabrication'),
('1573', 'LATRECHE', 'KARIM', '2005-06-01', 'CHEF SERVICE AUTOMATISME', 'CDI', 'Cadre', 'Direction de Production', 'Dpt. Automatisme', 'Service Automatisme'),
('1575', 'BOUIMA', 'RIDHA', '2005-10-15', 'CHEF DE DEPARTEMENT ACHAT', 'CDI', 'Cadre', 'Direction des Approvisionnements', 'Dpt. Achats', NULL),
('1579', 'BOUAROUR', 'SALIM', '2009-07-01', 'CHEF SECTION GESTION DU PERSONNEL', 'CDI', 'Maitrise', 'Direction des Ressources Humaines', 'Dpt. Gestion des Compétences & des moyens', 'Service Gestion des compétences'),
('1585', 'DAHMANI', 'HICHEM', '2009-12-01', 'GESTIONNAIRE DES STOCKS', 'CDI', 'Maitrise', 'Direction des Approvisionnements', 'Dpt. Achats', 'Service Gestion des Stocks'),
('1586', 'RAHAL', 'KHEMISSI', '2009-12-01', 'CHEF SECTION M.G.X', 'CDI', 'Maitrise', 'Direction des Ressources Humaines', 'Dpt. Gestion des Compétences & des moyens', 'Service Oeuvres Sociales et Moyens Généreaux'),
('1587', 'BENSLIM', 'SALIM', '2009-12-01', 'CHEF SECTION PROGRAMATION ET FICHIERS CLIENTS', 'CDI', 'Maitrise', 'Diretion Commercial & Marketing', 'Dpt. Commercial', 'Service Facturation & Enlèvement'),
('1589', 'BOUAROUR', 'REDOUANE', '2009-09-02', 'TECHNICIEN SUPERIEUR EN MECANIQUE', 'CDI', 'Maitrise', 'Direction de Production', 'Dpt. Entretien Mécanique', 'Zone Ciment'),
('1590', 'TOUATI', 'ABBEREZEK', '2009-09-02', 'CHEF SERVICE AUTOMATISME P/I', 'CDI', 'Cadre', 'Direction de Production', 'Dpt. Electricité &Automatisme', 'Service Automatisme'),
('1591', 'KERDOUH', 'AMAR', '2009-09-02', 'COORDINATEUR POSTE', 'CDI', 'Cadre', 'Direction de Production', 'Dpt. Fabrication', 'Service Fabrication'),
('1592', 'HENOUZE', 'RIAD', '2009-09-01', 'INGENIEUR DE SYSTEME', 'CDI', 'Cadre', 'Direction de Production', 'Dpt. Electricité &Automatisme', 'Service Automatisme'),
('1593', 'FADHEL', 'ABEDERRAHMANE', '2009-09-01', 'CHEF SECTION CONCASSAGE', 'CDI', 'Cadre', 'Direction de Production', 'Dpt. Exploitation & Gestion Matières Premières', 'Service Concassage'),
('1594', 'BENDJEFFAL', 'MOSTEFA', '2010-01-01', 'AGENT TECHNIQUE EN INFORMATIQUE', 'CDI', 'Maitrise', 'Direction de Développement Durable & Sécurité', 'Dpt. Technologie de L\'information et de la communication', 'Service Informatique'),
('1595', 'AMEUR', 'NACIR', '2010-01-01', 'CHEF SECTION CHARGE DE VENTE', 'CDI', 'Maitrise', 'Diretion Commercial & Marketing', 'Dpt. Commercial', 'Service Facturation & Enlèvement'),
('1596', 'DJETOUI', 'LEKHMISSI', '2010-04-22', 'GESTIONNAIRE DES STOCKS', 'CDI', 'Maitrise', 'Direction des Approvisionnements', 'Dpt. Achats', 'Service Gestion des Stocks'),
('1597', 'BELAIB', 'MOUNIR', '2010-04-22', 'INGENIEUR EN CHIMIE', 'CDI', 'Cadre', 'Direction de Développement Durable & Sécurité', 'Dpt. Controle Qualité & Process', 'Service Controle Qualité'),
('1598', 'MEZOUAR', 'MOURAD', '2010-04-22', 'GESTIONAIRE D\'ARCHIVE', 'CDI', 'Maitrise', 'Direction des Ressources Humaines', 'Dpt. Formation & recrutement, Gestion des emplois et des carrières prof', 'Service Gestion des compétences'),
('1599', 'FOUDI', 'KHALED', '2010-06-01', 'CHEF SERVICE COMPTABILITE GENERALE', 'CDI', 'Cadre', 'Direction des Finances et Budget', 'Dpt. Comptabilité Suivi Budgétaire', 'Service Comptabilité Générale et fiscalité'),
('1600', 'MELLOULI', 'HOSSAM EDDINE', '2010-06-27', 'CHEF SECTION COMPTABILITE ANALYTIQUE', 'CDI', 'Maitrise', 'Direction des Finances et Budget', 'Dpt. Comptabilité Suivi Budgétaire', 'Service comptabilité Générale'),
('1601', 'AIT ALI SLIMANE', 'RAZKI', '2010-07-10', 'MAGASINIER', 'CDI', 'Execution', 'Diretion Commercial & Marketing', 'Dpt. Marketing & Réeau Vente détail', 'Service Gestion réseau des ventes détail'),
('1602', 'FERRAS', 'SALIM', '2010-08-25', 'MAGASINIER', 'CDI', 'Execution', 'Diretion Commercial & Marketing', 'Dpt. Commercial', 'Service Facturation & Enlèvement'),
('1603', 'MOUSLI', 'DJAMEL', '2010-09-16', 'INGENIEUR EN ELECTRONIQUE', 'CDI', 'Cadre', 'Direction de Production', 'Dpt. Electricité &Automatisme', 'Service Electricité'),
('1604', 'GRAIRI', 'AMMAR', '2010-09-16', 'CHEF SERVICE EXPEDITION', 'CDI', 'Cadre', 'Direction de Production', 'Dpt. Fabrication', 'Service Expédition'),
('1605', 'DOUIDA', 'ABDERRAHMANE', '2010-10-01', 'INGENIEUR EN ELECTROTECHNIQUE', 'CDI', 'Cadre', 'Direction de Production', 'Dpt. Projets', 'Service Electricité'),
('1606', 'HESSAD', 'MOHAMMED AMINE', '2011-02-23', 'COORDINATEUR POSTE', 'CDI', 'Cadre', 'Direction de Production', 'Dpt. Fabrication', 'Service Fabrication'),
('1607', 'HANOUZ', 'FOUWAZ', '2011-02-23', 'INGENIEUR EN ELECTROTECHNIQUE', 'CDI', 'Cadre', 'Direction de Production', 'Dpt. Electricité &Automatisme', 'Service Fabrication'),
('1608', 'KHENNOUF', 'SALAH', '2011-03-21', 'CHEF SECTION ACHATS', 'CDI', 'Maitrise', 'Direction des Approvisionnements', 'Dpt. Achats', 'Service Achat'),
('1609', 'TOUIL', 'FAYSAL', '2011-03-21', 'CADRE ADMINISTRATIF CHARGE DE LA GESTION PAIE,FORMATION ET COMPETENCE', 'CDI', 'Cadre', 'Direction des Ressources Humaines', 'Dpt. Formation & recrutement, Gestion des emplois et des carrières prof', 'Service Formation & Gestion des recrutements et emploi'),
('1610', 'GHEBABCHA', 'BRAHIM', '2011-04-22', 'T.S EN CHIMIE', 'CDI', 'Maitrise', 'Direction de Production', 'Dpt. Controle Qualité & Process', 'Service Controle Qualité'),
('1611', 'LAASMI', 'ABDERRHMEN', '2011-06-01', 'CHEF SECTION GESTION DES STOCKS', 'CDI', 'Maitrise', 'Direction des Approvisionnements', 'Dpt. Achats', 'Service Gestion des Stocks'),
('1612', 'TALBI', 'NOUREDDINE', '2011-06-14', 'INGENIEUR EN ELECTROTECHNIQUE', 'CDI', 'Cadre', 'Direction de Production', 'Dpt. Electricité &Automatisme', 'Service Fabrication'),
('1613', 'KADRI', 'RIYADH', '2011-06-14', 'AGENT COMMERCIAL', 'CDI', 'Execution', 'Diretion Commercial & Marketing', 'Dpt. Commercial', 'Service Facturation & Enlèvement'),
('1614', 'BOUSNINA', 'KAMEL', '2011-08-23', 'CHEF SECTION CHARGE DE VENTE', 'CDI', 'Maitrise', 'Diretion Commercial & Marketing', 'Dpt. Commercial', 'Service Facturation & Enlèvement'),
('1615', 'ADJIMI', 'YOUCEF', '2011-09-19', 'CHEF SERVICE ACHATS', 'CDI', 'Cadre', 'Direction des Approvisionnements', 'Dpt. Achats', 'Service Achat'),
('1616', 'BENCHIKH', 'KHALIL', '2011-09-04', 'AGENT COMMERCIAL', 'CDI', 'Execution', 'Diretion Commercial & Marketing', 'Dpt. Marketing & Réeau Vente détail', 'Service Facturation & Enlèvement'),
('1617', 'FERRAH', 'ABD EL GHANI', '2012-08-14', 'CHEF SECTION ATELIER ELECTRICITE', 'CDI', 'Cadre', 'Direction de Production', 'Dpt. Electricité &Automatisme', 'Service Electricité'),
('1618', 'BENSTITI', 'LAZHAR', '2012-08-14', 'TECHNICIEN SUPERIEUR EN ELECTROTECHNIQUE', 'CDI', 'Maitrise', 'Direction de Production', 'Dpt. Exploitation & Gestion Matières Premières', 'Service Concassage'),
('1619', 'GUEDDOUCHE', 'ZAKARIA', '2012-08-14', 'CHEF SECTION EXPLOITATION MATIÈRES PREMIÈRES', 'CDI', 'Cadre', 'Direction de Production', 'Dpt. Exploitation & Gestion Matières Premières', 'Service Exploiatation & Gestion. Mat. Premières'),
('1620', 'LAMIRI', 'HAMZA', '2011-10-09', 'INGENIEUR EN ELECTROTECHNIQUE', 'CDI', 'Cadre', 'Direction de Production', 'Dpt. Electricité &Automatisme', 'Service Automatisme'),
('1623', 'KECHAT', 'FAICAL', '2012-03-18', 'CHEF SECTION UTILITE', 'CDI', 'Cadre', 'Direction de Production', 'Dpt.Mécanique', 'Service Utilité'),
('1628', 'IKHLEF', 'ADEL', '2012-10-18', 'AGENT COMMERCIAL', 'CDI', 'Execution', 'Diretion Commercial & Marketing', 'Dpt. Commercial', 'Service Facturation & Enlèvement'),
('163', 'BOULKERARA', 'MOUSSA', '2002-07-01', 'CADRE ADMINISTRATIVE (CHARGER DE LA SECURITE INTERNE)', 'CDI', 'Cadre', 'Direction de Développement Durable & Sécurité', 'Dpt. Hygiène, Sécurité & Envirennement', 'Service Intervention'),
('1633', 'MAMMERI', 'MOUAD', '2012-03-19', 'INGENIEUR EN ELECTROTECHNIQUE', 'CDI', 'Cadre', 'Direction de Production', 'Dpt. Electricité &Automatisme', 'Service Fabrication'),
('1638', 'BOUZOURINE', 'MOULOUD', '2012-06-03', 'CORRESPONDANT SOCIAL', 'CDI', 'Maitrise', 'Direction des Ressources Humaines', 'Dpt. Gestion des Compétences & des moyens', 'Service Oeuvres Sociales et Moyens Généreaux'),
('164', 'OUCHERFIOU', 'FARIDA', '2010-08-01', 'FEMME DE MENAGE', 'CDI', 'Execution', 'Diretion Commercial & Marketing', 'Dpt. Marketing & Réeau Vente détail', 'Service Gestion réseau des ventes détail'),
('1640', 'TORCHI', 'AMOR', '2013-01-15', 'TECHNICIEN SUPERIEUR EN ELECTROTECHNIQUE', 'CDI', 'Maitrise', 'Direction de Production', 'Dpt. Electricité &Automatisme', 'Service Expédition'),
('1641', 'AYAT', 'MUSTAPHA', '2013-01-15', 'CHEF SECTION ELECTRICITE', 'CDI', 'Cadre', 'Direction de Production', 'Dpt. Electricité &Automatisme', 'Service Electricité'),
('1642', 'ZERROUK', 'TAREK', '2013-01-15', 'TECHNICIEN SUPERIEUR EN ELECTROTECHNIQUE', 'CDI', 'Maitrise', 'Direction de Production', 'Dpt. Electricité &Automatisme', 'Service Expédition'),
('1643', 'MEDGHOUR', 'ABDELHAK', '2012-07-01', 'CHEF SECTION CHARGE DE VENTE', 'CDI', 'Maitrise', 'Diretion Commercial & Marketing', 'Dpt. Marketing & Réeau Vente détail', 'Service Facturation & Enlèvement'),
('1644', 'SAADAOUI', 'SAMIR', '2012-08-14', 'GESTIONNAIRE DU PAIE', 'CDI', 'Maitrise', 'Direction des Ressources Humaines', 'Dpt. Gestion des Compétences & des moyens', 'Service Gestion des compétences'),
('1645', 'BENCHERIF', 'ADEL', '2014-02-18', 'PREPARATEUR (ZONE CIMENT)', 'CDI', 'Cadre', 'Direction de Production', 'Dpt. Etudes & Méthodes', 'Service Etudes et Méthodes'),
('1646', 'LAASMI', 'RABAH', '2014-06-01', 'ELECTRICIEN INDUSTRIEL', 'CDD', 'Maitrise', 'Direction de Production', 'Dpt. Electricité &Automatisme', 'Service Electricité'),
('1647', 'MAZOUZ', 'ISSAM', '2014-09-03', 'ELECTRICIEN INDUSTRIEL', 'CDD', 'Maitrise', 'Direction de Production', 'Dpt. Electricité &Automatisme', 'Service Expédition'),
('1648', 'LEKDIM', 'ACHOUR', '2014-11-02', 'ELECTRICIEN INDUSTRIEL', 'CDD', 'Maitrise', 'Direction de Production', 'Dpt. Electricité &Automatisme', 'Service Fabrication'),
('1649', 'NEGRI', 'AHMED', '2013-11-06', 'INGENIEUR EN REGULATION ET AUTOMATISME', 'CDI', 'Cadre', 'Direction de Production', 'Dpt. Electricité &Automatisme', 'Service Automatisme'),
('1650', 'NOUI', 'DJALLEL', '2013-09-28', 'AGENT COMMERCIAL', 'CDI', 'Execution', 'Diretion Commercial & Marketing', 'Dpt. Commercial', 'Service Programmation et gestion Clientèle');
INSERT INTO `personnel` (`Matricule`, `Nom`, `Prenom`, `Date_Entree`, `Poste`, `Type_Emploi`, `Categorie`, `Direction`, `Departement`, `Service`) VALUES
('1651', 'MOUSSAOUI', 'SOFIANE', '2014-05-26', 'OPERATEUR SALLE CONCASSAGE', 'CDD', 'Maitrise', 'Direction de Production', 'Dpt. Exploitation & Gestion Matières Premières', 'Service Concassage'),
('1652', 'AFFANE', 'RIADH', '2014-05-26', 'ELECTRICIEN INDUSTRIEL', 'CDD', 'Maitrise', 'Direction de Production', 'Dpt. Electricité &Automatisme', 'Service Electricité'),
('1654', 'GOURMAT', 'FAICAL', '2014-06-24', 'OPERATEUR SALLE CONCASSAGE', 'CDD', 'Maitrise', 'Direction de Production', 'Dpt. Exploitation & Gestion Matières Premières', 'Service Concassage'),
('1655', 'BOUTICHE', 'FERHAT', '2015-07-01', 'ELECTRICIEN INDUSTRIEL', 'CDD', 'Maitrise', 'Direction de Production', 'Dpt. Electricité &Automatisme', 'Service Fabrication'),
('1656', 'HEDOUAS', 'NASSIM', '2015-07-01', 'ELECTRICIEN INDUSTRIEL', 'CDD', 'Maitrise', 'Direction de Production', 'Dpt. Electricité &Automatisme', 'Service Fabrication'),
('1657', 'BOURBIE', 'BILLAL', '2015-07-08', 'INGENIEUR EN PREVENTION ET SECURITE INDUSTRIELLE', 'CDD', 'Cadre', 'Direction de Développement', 'Dpt. Hygiène, Sécurité & Envirennement', 'Service Intervention'),
('1658', 'ACHER', 'AISSA', '2015-07-01', 'INGENIEUR EN ELECTRICITE', 'CDD', 'Cadre', 'Direction de Production', 'Dpt. Electricité &Automatisme', 'Service Electricité'),
('1659', 'GUERGOUR', 'SABER', '2015-07-01', 'ELECTRICIEN INDUSTRIEL', 'CDD', 'Maitrise', 'Direction de Production', 'Dpt. Electricité &Automatisme', 'Service Utilité'),
('1660', 'BELAHDA', 'FARID', '2014-10-01', 'OPERATEUR SALLE DE CONTRÔLE', 'CDD', 'Maitrise', 'Direction de Production', 'Dpt. Fabrication', 'Service Fabrication'),
('1661', 'ROUABHI', 'MOULOUD', '2014-10-01', 'RONDIER', 'CDD', 'Maitrise', 'Direction de Production', 'Dpt. Fabrication', 'Service Fabrication'),
('1662', 'KORICHI', 'ABDELOUAHAB', '2014-10-12', 'OPERATEUR SALLE DE CONTRÔLE', 'CDD', 'Maitrise', 'Direction de Production', 'Dpt. Fabrication', 'Service Fabrication'),
('1663', 'LALIOUI', 'YACINE', '2014-10-12', 'OPERATEUR SALLE DE CONTRÔLE', 'CDD', 'Maitrise', 'Direction de Production', 'Dpt. Fabrication', 'Service Fabrication'),
('1664', 'KHALED', 'SALAH EDDINE', '2014-10-12', 'RONDIER', 'CDD', 'Maitrise', 'Direction de Production', 'Dpt. Fabrication', 'Service Fabrication'),
('1665', 'KEDDAD', 'ZAHREDDINE', '2014-10-12', 'RONDIER', 'CDD', 'Maitrise', 'Direction de Production', 'Dpt. Fabrication', 'Service Fabrication'),
('1666', 'ANGUEK', 'SOUAD', '2015-11-11', 'SECRETAIRE DE DIRECTION', 'CDD', 'Maitrise', 'Direction de Développement', 'Dpt. Projets', 'Projet Génie Civil'),
('1667', 'LEKDIM', 'MOUFIDA', '2015-11-11', 'SECRETAIRE DE DIRECTION', 'CDD', 'Maitrise', 'Direction des Ressources Humaines', 'Dpt. Gestion des Compétences & des moyens', 'Service Gestion des compétences'),
('1668', 'KHELLADI', 'AMEL', '2014-10-01', 'SECRETAIRE DE DIRECTION', 'CDD', 'Maitrise', 'Direction Générale', NULL, NULL),
('1669', 'ADOUANE', 'YACINE', '2014-11-17', 'CHAUFFEUR/ACHETEUR', 'CDD', 'Maitrise', 'Direction des Approvisionnements', 'Dpt. Achats', 'Service Achat'),
('1670', 'BOULAHBEL', 'FARID', '2014-11-11', 'AGENT COMMERCIAL', 'CDD', 'Execution', 'Diretion Commercial & Marketing', 'Dpt. Marketing & Réeau Vente détail', 'Service Facturation & Enlèvement'),
('1671', 'DILMI', 'SALAH EDDINE', '2015-01-18', 'INGENIEUR EN MECANIQUE', 'CDD', 'Cadre', 'Direction de Production', 'Dpt. Entretien Mécanique', 'Service Electricité'),
('1673', 'HAMDA', 'SELMANE', '2015-03-15', 'INGENIEUR BEP(ZONE CIMENT)', 'CDD', 'Cadre', 'Direction de Production', 'Dpt. Etudes & Méthodes', 'Zone Ciment'),
('1674', 'KOUCEM', 'HICHAM', '2015-03-22', 'RONDIER', 'CDD', 'Maitrise', 'Direction de Production', 'Dpt. Fabrication', 'Service Fabrication'),
('1675', 'MATARFI', 'KHALIL', '2015-03-15', 'CHEF DE SECTION ZONE CIMENT', 'CDD', 'Cadre', 'Direction de Production', 'Dpt.Mécanique', 'Zone Ciment'),
('1676', 'KIROUANI', 'MOUNIR', '2015-03-15', 'INGENIEUR BEP (ZONE CUISSON)', 'CDD', 'Cadre', 'Direction de Production', 'Dpt. Etudes & Méthodes', 'Zone Cuison'),
('1677', 'DJEMIAT', 'ABDELKRIM', '2015-03-15', 'INGENIEUR BEP(ZONE CRU)', 'CDD', 'Cadre', 'Direction de Production', 'Dpt. Etudes & Méthodes', 'Zone Cru'),
('1678', 'OULMANE', 'ZINEDDINE', '2016-07-14', 'TECHNICIEN EN ELECTRICITE', 'CDD', 'Maitrise', 'Direction de Production', 'Dpt. Electricité &Automatisme', 'Service Fabrication'),
('1679', 'BOULAHNACHE', 'BILLEL', '2016-07-14', 'TECHNICIEN EN ELECTRICITE', 'CDD', 'Maitrise', 'Direction de Production', 'Dpt. Electricité &Automatisme', 'Service Etudes et Méthodes'),
('168', 'BOUNECHADA', 'RAZIK', '2002-07-23', 'CHEF SECTION RECOUVREMENT', 'CDI', 'Maitrise', 'Diretion Commercial & Marketing', 'Dpt. Commercial', 'Service Facturation & Enlèvement'),
('1680', 'ZENATI', 'MEROUANI', '2016-07-14', 'TECHNICIEN EN ELECTRICITE', 'CDD', 'Maitrise', 'Direction de Production', 'Dpt. Electricité &Automatisme', 'Service Electricité'),
('1681', 'KHECHA', 'WALID', '2016-07-14', 'TECHNICIEN EN ELECTRICITE', 'CDD', 'Maitrise', 'Direction de Production', 'Dpt. Exploitation & Gestion Matières Premières', 'Service Concassage'),
('1682', 'SMARA', 'ABDELHAK', '2016-07-14', 'TECHNICIEN EN ELECTRICITE', 'CDD', 'Maitrise', 'Direction de Production', 'Dpt. Electricité &Automatisme', 'Service Expédition'),
('1683', 'LEHOUAZI', 'MOUNIR', '2016-07-14', 'TECHNICIEN EN ELECTRICITE', 'CDD', 'Maitrise', 'Direction de Production', 'Dpt. Electricité &Automatisme', 'Service Electricité'),
('1684', 'BAZA', 'FOUAD', '2016-07-14', 'TECHNICIEN EN ELECTRICITE', 'CDD', 'Maitrise', 'Direction de Production', 'Dpt. Electricité &Automatisme', 'Service Electricité'),
('1685', 'BENZADI', 'DJALEL', '2016-07-14', 'TECHNICIEN EN ELECTRICITE', 'CDD', 'Maitrise', 'Direction de Production', 'Dpt. Electricité &Automatisme', 'Service Fabrication'),
('1686', 'AYAT', 'LAKHDER', '2016-07-20', 'TECHNICIEN EN AUTOMATISME', 'CDD', 'Maitrise', 'Direction de Production', 'Dpt. Electricité &Automatisme', 'Service Fabrication'),
('1687', 'YOUSFI', 'HAOUES', '2016-07-14', 'AUTOMATICIEN', 'CTA', 'Maitrise', 'Direction de Production', 'Dpt. Electricité &Automatisme', 'Service Fabrication'),
('1688', 'BENSELLIM', 'KHALIL', '2016-07-14', 'TECHNICIEN EN AUTOMATISME', 'CDD', 'Maitrise', 'Direction de Production', 'Dpt. Automatisme', 'Service Automatisme'),
('1689', 'MESSAI', 'KAMEL', '2016-07-14', 'TECHNICIEN EN AUTOMATISME', 'CDD', 'Maitrise', 'Direction de Production', 'Dpt. Automatisme', 'Service Automatisme'),
('169', 'MESSAHLI', 'ABDELMALEK', '2001-11-17', 'CHEF SERVICE PROGRAMATION ET VENTES', 'CDI', 'Cadre', 'Diretion Commercial & Marketing', 'Dpt. Commercial', 'Service Programmation et gestion Clientèle'),
('1690', 'SAFIDDINE', 'SAID', '2016-07-14', 'TECHNICIEN EN AUTOMATISME', 'CDD', 'Maitrise', 'Direction de Production', 'Dpt. Electricité &Automatisme', 'Service Automatisme'),
('1691', 'ADJIMI', 'KHAYREDDIN', '2016-07-14', 'TECHNICIEN EN AUTOMATISME', 'CDD', 'Maitrise', 'Direction de Production', 'Dpt. Electricité &Automatisme', 'Service Etudes et Méthodes'),
('1692', 'ANANE', 'ZOHIR', '2016-07-14', 'TECHNICIEN EN AUTOMATISME', 'CDD', 'Maitrise', 'Direction de Production', 'Dpt. Electricité &Automatisme', 'Service Fabrication'),
('1693', 'LALAM', 'AMER', '2016-08-06', 'TECHNICIEN EN AUTOMATISME', 'CDD', 'Maitrise', 'Direction de Production', 'Dpt. Electricité &Automatisme', 'Service Expédition'),
('1694', 'KEMOUCHE', 'LAHCENE', '2016-07-14', 'AUTOMATICIEN', 'CTA', 'Maitrise', 'Direction de Production', 'Dpt. Electricité &Automatisme', 'Service Expédition'),
('1695', 'DIFEL', 'ABDELHAFIDH', '2016-07-14', 'TECHNICIEN EN AUTOMATISME', 'CDD', 'Maitrise', 'Direction de Production', 'Dpt. Electricité &Automatisme', 'Service Etudes et Méthodes'),
('1696', 'BOUCHAGOUR', 'LARBI', '2015-07-01', 'INGENIEUR EN ELECTRICITE', 'CDD', 'Cadre', 'Direction de Production', 'Dpt. Electricité &Automatisme', 'Service Fabrication'),
('1697', 'BENMANSOUR', 'ACHREF', '2015-11-15', 'INGENIEUR DE SYSTEME ENERGIE INDUSTRIEL', 'CDD', 'Cadre', 'Direction de Développement Durable & Sécurité', 'Dpt. Controle Qualité & Process', 'Service Process'),
('1698', 'MENAA', 'ZINEDDINE', '2015-11-19', 'TECHNICIEN AUTOMATICIEN', 'CDD', 'Maitrise', 'Direction de Production', 'Dpt. Automatisme', 'Service Automatisme'),
('1699', 'DAACHI', 'SALIMA', '2016-06-14', 'ASSISTANTE DE DIRECTION', 'CTA', 'Cadre', 'Direction de Production', 'Dpt. Fabrication', 'Service Fabrication'),
('1700', 'HADJRES', 'MOUNIR', '2016-06-14', 'TECHNICIEN EN ELECTRICITE', 'CTA', 'Maitrise', 'Direction de Production', 'Dpt. Electricité &Automatisme', 'Service Electricité'),
('1701', 'CHOUGUI', 'ABDELAH', '2016-06-22', 'TECHNICIEN EN ELECTRICITE', 'CTA', 'Maitrise', 'Direction de Production', 'Dpt. Electricité &Automatisme', 'Service Electricité'),
('1702', 'GUERCHOUCHE', 'BILEL', '2016-06-14', 'AUTOMATICIEN', 'CTA', 'Maitrise', 'Direction de Production', 'Dpt. Electricité &Automatisme', 'Service Expédition'),
('1703', 'BENSSACI', 'HAMZA', '2016-06-14', 'TECHNICIEN EN ELECTRICITE', 'CTA', 'Maitrise', 'Direction de Production', 'Dpt. Electricité &Automatisme', 'Service Fabrication'),
('1704', 'YAHI', 'MEBAREK', '2016-06-14', 'TECHNICIEN EN ELECTRICITE', 'CTA', 'Maitrise', 'Direction de Production', 'Dpt. Electricité &Automatisme', 'Service Fabrication'),
('1705', 'MANSOURI', 'ABDERRAHMANE', '2016-06-14', 'TECHNICIEN EN ELECTRICITE', 'CTA', 'Maitrise', 'Direction de Production', 'Dpt. Electricité &Automatisme', 'Service Expédition'),
('1706', 'MERGHEM', 'BILEL', '2016-06-14', 'TECHNICIEN EN ELECTRICITE', 'CTA', 'Maitrise', 'Direction de Production', 'Dpt. Electricité &Automatisme', 'Service Fabrication'),
('1707', 'ATROUT', 'ABDERRAHIM', '2016-06-14', 'TECHNICIEN EN ELECTRICITE', 'CTA', 'Maitrise', 'Direction de Production', 'Dpt. Electricité &Automatisme', 'Service Fabrication'),
('1708', 'FENDRECHE', 'AHMED TAKI EDDINE', '2016-06-14', 'AUTOMATICIEN', 'CTA', 'Maitrise', 'Direction de Production', 'Dpt. Electricité &Automatisme', 'Service Fabrication'),
('1709', 'MAAZOU', 'IMED EDDINE', '2016-06-14', 'TECHNICIEN EN ELECTRICITE', 'CTA', 'Maitrise', 'Direction de Production', 'Dpt. Electricité &Automatisme', 'Service Electricité'),
('171', 'BOUKAROURA', 'ZOHEIR', '2000-06-17', 'CHEF DE DEPARTEMENT FINANCES ET BUDGET', 'CDI', 'Cadre', 'Direction des Finances et Budget', 'Dpt. Comptabilité Suivi Budgétaire', NULL),
('1710', 'ARIBA', 'BOUBAKEUR', '2016-06-14', 'AUTOMATICIEN', 'CTA', 'Maitrise', 'Direction de Production', 'Dpt. Electricité &Automatisme', 'Service Fabrication'),
('1711', 'DAHMANI', 'AMINE', '2016-06-14', 'T S EN AUTOMATISME', 'CTA', 'Maitrise', 'Direction de Production', 'Dpt. Electricité &Automatisme', 'Service Concassage'),
('1712', 'LEBCIR', 'OMAR', '2016-06-14', 'AUTOMATICIEN', 'CTA', 'Maitrise', 'Direction de Production', 'Dpt. Electricité &Automatisme', 'Service Expédition'),
('1713', 'BOUDRA', 'RAFIK', '2016-06-14', 'AUTOMATICIEN', 'CTA', 'Maitrise', 'Direction de Production', 'Dpt. Electricité &Automatisme', 'Service Expédition'),
('1714', 'TEBTOUB', 'MOHAMED LAMINE', '2016-06-14', 'AUTOMATICIEN', 'CTA', 'Maitrise', 'Direction de Production', 'Dpt. Electricité &Automatisme', 'Service Expédition'),
('1715', 'KADRI', 'DJELEL', '2016-06-14', 'TECHNICIEN EN ELECTRICITE', 'CTA', 'Maitrise', 'Direction de Production', 'Dpt. Electricité &Automatisme', 'Service Utilité'),
('1716', 'KADRI', 'FARID', '2016-06-14', 'TECHNICIEN EN ELECTRICITE', 'CTA', 'Maitrise', 'Direction de Production', 'Dpt. Electricité &Automatisme', 'Service Concassage'),
('1717', 'BAZA', 'ABDESSAMED', '2016-06-14', 'TECHNICIEN EN ELECTRICITE', 'CTA', 'Maitrise', 'Direction de Production', 'Dpt. Electricité &Automatisme', 'Service Expédition'),
('1718', 'GUERCHOUCHE', 'OUSSAMA', '2016-06-14', 'TECHNICIEN EN ELECTRICITE', 'CTA', 'Maitrise', 'Direction de Production', 'Dpt. Electricité &Automatisme', 'Service Concassage'),
('1719', 'MEKADEM', 'AHMED', '2016-06-14', 'TECHNICIEN EN ELECTRICITE', 'CTA', 'Maitrise', 'Direction de Production', 'Dpt. Electricité &Automatisme', 'Service Concassage'),
('1720', 'BENBECHI', 'LEIS', '2016-06-14', 'AUTOMATICIEN', 'CTA', 'Maitrise', 'Direction de Production', 'Dpt. Electricité &Automatisme', 'Service Concassage'),
('1721', 'SNANI', 'MOURAD', '2016-07-17', 'AGENT COMMERCIAL', 'CTA', 'Maitrise', 'Diretion Commercial & Marketing', 'Dpt. Marketing & Réeau Vente détail', 'Service Facturation & Enlèvement'),
('1722', 'KOUACHI', 'NOURI', '2016-07-19', 'AGENT COMMERCIAL (CTA)', 'CTA', 'Execution', 'Diretion Commercial & Marketing', 'Dpt. Commercial', 'Service Programmation et gestion Clientèle'),
('1723', 'BENSLIM', 'ABDEREZAK', '2016-07-19', 'AGENT COMMERCIAL (CTA)', 'CTA', 'Maitrise', 'Diretion Commercial & Marketing', 'Dpt. Commercial', 'Service Programmation et gestion Clientèle'),
('1724', 'BENSTITI', 'ABDELDJALIL', '2016-07-19', 'RONDIER (CTA)', 'CTA', 'Maitrise', 'Direction de Production', 'Dpt. Fabrication', 'Service Fabrication'),
('1725', 'TOBAL', 'YASSINE', '2016-07-19', 'RONDIER (CTA)', 'CTA', 'Maitrise', 'Direction de Production', 'Dpt. Fabrication', 'Service Fabrication'),
('1726', 'AZZOUZ', 'ABDENOUR', '2016-07-19', 'RONDIER', 'CTA', 'Maitrise', 'Direction de Production', 'Dpt. Fabrication', 'Service Fabrication'),
('1727', 'BENNECER', 'ABDELHAKIM', '2016-07-19', 'RONDIER (CTA)', 'CTA', 'Maitrise', 'Direction de Production', 'Dpt. Fabrication', 'Service Fabrication'),
('1728', 'KEMOUCHE', 'KHIREDDINE', '2016-07-19', 'RONDIER (CTA)', 'CTA', 'Maitrise', 'Direction de Production', 'Dpt. Fabrication', 'Service Fabrication'),
('1729', 'ARIF', 'AZEDINE', '2016-07-19', 'RONDIER (CTA)', 'CTA', 'Maitrise', 'Direction de Production', 'Dpt. Fabrication', 'Service Fabrication'),
('1730', 'REBAI', 'OUSSAMA', '2016-10-05', 'AGENT COMMERCIAL (CTA)', 'CTA', 'Maitrise', 'Diretion Commercial & Marketing', 'Dpt. Commercial', 'Service Programmation et gestion Clientèle'),
('1731', 'KERKOUR', 'KHALIL', '2016-10-25', 'RONDIER (CTA)', 'CTA', 'Maitrise', 'Direction de Production', 'Dpt. Fabrication', 'Service Fabrication'),
('1732', 'AID', 'HOUSSEM', '2016-12-25', 'T.S EN ELECTRICITE ET AUTOMATISME', 'CTA', 'Maitrise', 'Direction de Production', 'Dpt. Exploitation & Gestion Matières Premières', 'Service Concassage'),
('1733', 'BENCHIKH LHOUCINE', 'MOHAMED', '2017-01-18', 'RONDIER (CTA)', 'CTA', 'Maitrise', 'Direction de Production', 'Dpt. Fabrication', 'Service Fabrication'),
('1735', 'BOURIACHI', 'ADEL', '2017-04-05', 'AGENT ADMINISTRATIF (CTA)', 'CTA', 'Maitrise', 'Direction des Ressources Humaines', 'Dpt. Gestion des Compétences & des moyens', 'Service Gestion des compétences'),
('180', 'BARA', 'REDA', '1989-11-20', 'CHEF SECTION CHARGE DE VENTE', 'CDI', 'Maitrise', 'Diretion Commercial & Marketing', 'Dpt. Marketing & Réeau Vente détail', 'Service Gestion réseau des ventes détail'),
('186', 'LAKHDARI', 'DJAMAL', '1993-05-02', 'AGENT COMMERCIAL', 'CDI', 'Execution', 'Diretion Commercial & Marketing', 'Dpt. Marketing & Réeau Vente détail', 'Service Gestion réseau des ventes détail'),
('188', 'AGGOUN', 'SMAIL', '1999-10-23', 'CHEF DE DEPARTEMENT COMMERCIAL', 'CDI', 'Cadre', 'Diretion Commercial & Marketing', 'Dpt. Marketing & Réeau Vente détail', 'Service Gestion réseau des ventes détail'),
('190', 'KIROUR', 'RABAH', '2008-01-01', 'CHAUFFEUR POIDS LOURD', 'CDI', 'Maitrise', 'Direction des Approvisionnements', 'Dpt. Achats', 'Service Gestion des Stocks'),
('193', 'BENKHELOUF', 'ABDELOUAHAB', '2008-10-04', 'CHAUFFEUR TOUS CATEGORIES', 'CDI', 'Maitrise', 'Direction des Ressources Humaines', 'Dpt. Formation & recrutement, Gestion des emplois et des carrières prof', 'Service Oeuvres Sociales et Moyens Généreaux'),
('194', 'GHEBACHE', 'HICHEM', '2008-10-18', 'CHEF SECTION CHARGE DE VENTE', 'CDI', 'Maitrise', 'Diretion Commercial & Marketing', 'Dpt. Commercial', 'Service Facturation & Enlèvement'),
('195', 'KERKOUR', 'ABDELAZIZ', '2008-10-18', 'CHEF SECTION PROGRAMMATION', 'CDI', 'Maitrise', 'Diretion Commercial & Marketing', 'Dpt. Commercial', 'Service Gestion réseau des ventes détail'),
('196', 'BELAIDI', 'SAMIR', '2014-05-19', 'CHAUFFEUR SEMI REMORQUE', 'CDI', 'Maitrise', 'Diretion Commercial & Marketing', 'Dpt. Commercial', 'Service Oeuvres Sociales et Moyens Généreaux'),
('197', 'CHERFAOUI', 'MONCEF', '2014-05-19', 'CONDUCTEUR D\'ENGIN NIV. I', 'CDI', 'Maitrise', 'Direction de Production', 'Dpt. Exploitation & Gestion Matières Premières', 'Service Exploiatation & Gestion. Mat. Premières'),
('198', 'MEKADEM', 'YACINE', '2014-05-19', 'CHAUFFEUR VL', 'CDI', 'Execution', 'Direction des Ressources Humaines', 'Dpt. Gestion des Compétences & des moyens', 'Service Oeuvres Sociales et Moyens Généreaux'),
('199', 'SETITA', 'SEBTI', '2014-05-19', 'CHAUFFEUR SEMI REMORQUE', 'CDI', 'Maitrise', 'Direction des Ressources Humaines', 'Dpt. Gestion des Compétences & des moyens', 'Service Oeuvres Sociales et Moyens Généreaux'),
('202', 'BENSLIM', 'HAMOUDI', '2010-06-01', 'CHEF DE CARRIERE', 'CDI', 'Cadre', 'Direction de Production', 'Dpt. Exploitation & Gestion Matières Premières', 'Service Exploiatation & Gestion. Mat. Premières'),
('2059', 'SAKHI', 'NABILA', '2003-10-01', 'SECRETAIRE DE DIRECTION', 'CDI', 'Maitrise', 'Diretion Commercial & Marketing', 'Dpt. Commercial', 'Service Gestion réseau des ventes détail'),
('2101', 'BOUGHERNOUT', 'KHALED', '2005-06-19', 'DIRECTEUR COMMERCIAL', 'CDI', 'Cadre', 'Diretion Commercial & Marketing', NULL, NULL),
('2103', 'AOUKLI', 'CHAFIK', '2005-10-02', 'CHEF SECTION RELATION CLIENTELE', 'CDI', 'Maitrise', 'Diretion Commercial & Marketing', 'Dpt. Commercial', 'Service Programmation et gestion Clientèle'),
('2107', 'MIHOUB', 'FOUAD', '2006-07-02', 'CHEF SECTION CONTROLE ET ENLEVEMENT', 'CDI', 'Maitrise', 'Diretion Commercial & Marketing', 'Dpt. Commercial', 'Service Programmation et gestion Clientèle'),
('2109', 'MAIZA', 'KELTOUM', '2006-08-12', 'SECRETAIRE', 'CDI', 'Maitrise', 'Direction des Approvisionnements', 'Dpt. Achats', 'Service Achat'),
('2111', 'KHALED', 'FARES', '2007-01-14', 'CHEF SERVICE COMPTABILITE ANALYTIQUE', 'CDI', 'Cadre', 'Direction des Finances et Budget', 'Dpt. Comptabilité Suivi Budgétaire', 'Service Comptabilité Analytique et suivi Budgétaire'),
('2112', 'ARKAB', 'DJAMEL', '2009-09-15', 'CONDUCTEUR D\'ENGIN NIV. I', 'CDI', 'Maitrise', 'Direction de Production', 'Dpt. Exploitation & Gestion Matières Premières', 'Service Fabrication'),
('2113', 'BOUHEDA', 'MOHAMED AMINE', '2009-09-15', 'CONDUCTEUR D\'ENGIN NIV. I', 'CDI', 'Maitrise', 'Direction de Production', 'Dpt. Exploitation & Gestion Matières Premières', 'Service Concassage'),
('2114', 'AKOUCHE', 'ABDELHAKIM', '2009-09-15', 'CONDUCTEUR D\'ENGIN NIV. I', 'CDI', 'Maitrise', 'Direction de Production', 'Dpt. Exploitation & Gestion Matières Premières', 'Service Exploiatation & Gestion. Mat. Premières'),
('2115', 'BOUAOUD', 'MOHAMED', '2009-09-15', 'CONDUCTEUR D\'ENGIN NIV. I', 'CDI', 'Maitrise', 'Direction de Production', 'Dpt. Exploitation & Gestion Matières Premières', 'Service Exploiatation & Gestion. Mat. Premières'),
('2116', 'ARKAB', 'RABIE', '2009-09-22', 'CONDUCTEUR D\'ENGIN NIV. I', 'CDI', 'Maitrise', 'Direction de Production', 'Dpt. Exploitation & Gestion Matières Premières', 'Service Concassage'),
('2118', 'BOUYOUCEF', 'KAMEL', '2009-10-01', 'CONDUCTEUR D\'ENGIN NIV. I', 'CDI', 'Maitrise', 'Direction de Production', 'Dpt. Exploitation & Gestion Matières Premières', 'Service Exploiatation & Gestion. Mat. Premières'),
('2119', 'KHENTOUT', 'AHMED', '2009-11-01', 'CONDUCTEUR D\'ENGIN NIV. I', 'CDI', 'Maitrise', 'Direction de Production', 'Dpt. Exploitation & Gestion Matières Premières', 'Service Exploiatation & Gestion. Mat. Premières'),
('2120', 'MEDJEMADJ', 'FAYCAL', '2009-11-01', 'CONDUCTEUR D\'ENGIN NIV. I', 'CDI', 'Maitrise', 'Direction de Production', 'Dpt. Exploitation & Gestion Matières Premières', 'Service Exploiatation & Gestion. Mat. Premières'),
('2122', 'AFFANE', 'ROCHDI', '2010-01-03', 'AIDE LABORANTIN', 'CDI', 'Execution', 'Direction de Production', 'Dpt. Controle Qualité & Process', 'Service Controle Qualité'),
('214', 'MEZOUER', 'SOFIANE', '2010-03-04', 'CHEF SERVICE CONCASSAGE', 'CDI', 'Cadre', 'Direction de Production', 'Dpt. Exploitation & Gestion Matières Premières', 'Service Exploiatation & Gestion. Mat. Premières'),
('22', 'DJAGHLOUF', 'KANZA', '2012-01-02', 'ASSISTANT DE DIRECTION', 'CDI', 'Maitrise', 'Direction Générale', NULL, NULL),
('2207', 'DEFFAR', 'DOUADI', '2015-04-07', 'AGENT D\'ENTRETIEN POLYVALENT', 'CDD', 'Execution', 'Direction de Développement Durable & Sécurité', 'Dpt. Hygiène, Sécurité & Envirennement', 'Service Intervention'),
('23', 'SMARA', 'NADJLA', '2013-03-11', 'ASSISTANT DE DIRECTION', 'CDI', 'Maitrise', 'Direction des Ressources Humaines', 'Dpt. Formation & recrutement, Gestion des emplois et des carrières prof', 'Service Formation & Gestion des recrutements et emploi'),
('252', 'MADI', 'LAZHAR', '2006-02-01', 'AIDE LABORANTIN', 'CDI', 'Execution', 'Direction de Production', 'Dpt. Controle Qualité & Process', 'Service Exploiatation & Gestion. Mat. Premières'),
('30', 'CHERFAOUI', 'MABROUK', '1986-07-19', 'AGENT DE CARRIERE', 'CDI', 'Execution', 'Direction de Production', 'Dpt. Hygiène, Sécurité & Envirennement', 'Service Expédition'),
('342', 'AMGHAR', 'NOUREDDINE', '2004-09-19', 'FACTOTUM', 'CDI', 'Execution', 'Direction de Développement Durable & Sécurité', 'Dpt. Hygiène, Sécurité & Envirennement', 'Service Intervention'),
('387', 'AMOUKIES', 'ZOHIR', '2011-01-02', 'CHEF SERVICE MATERIEL ROULANTS', 'CDI', 'Cadre', 'Direction de Production', 'Dpt. Exploitation & Gestion Matières Premières', 'Service Entretien Matériel Roulant'),
('417', 'DAICHE', 'ABDELLAH', '2010-06-01', 'CHEF SECTION BEP CHARGE SYSTEM COSWIN', 'CDI', 'Cadre', 'Direction de Production', 'Dpt. Etudes & Méthodes', 'Service Etudes et Méthodes'),
('420', 'BENAIDJA', 'ABDELAZIZ', '2010-06-01', 'OPERATEUR SALLE DE CONTRÔLE', 'CDI', 'Maitrise', 'Direction de Production', 'Dpt. Fabrication', 'Service Fabrication'),
('421', 'YOUSFI', 'NABIL', '2010-06-01', 'CHEF DE QUART PRODUCTION', 'CDI', 'Cadre', 'Direction de Production', 'Dpt. Fabrication', 'Service Fabrication'),
('423', 'BERKANE', 'KARIM', '2010-06-01', 'CHEF SECTION PROCESS', 'CDI', 'Cadre', 'Direction de Production', 'Dpt. Controle Qualité & Process', 'Service Process'),
('425', 'KADRI', 'SOFIENNE', '2010-06-03', 'OPERATEUR SALLE DE CONTRÔLE', 'CDI', 'Maitrise', 'Direction de Production', 'Dpt. Fabrication', 'Service Fabrication'),
('427', 'BOUDISSA', 'LAMRI', '1983-08-14', 'CHEF D\'EQUIPE ATELIER BOBINAGE', 'CDI', 'Execution', 'Direction de Production', 'Dpt. Fabrication', 'Service Fabrication'),
('434', 'BOUAOUD', 'MESSAOUD', '2004-12-01', 'CONDUCTEUR D\'ENGIN NIV.II', 'CDI', 'Maitrise', 'Direction de Production', 'Dpt. Exploitation & Gestion Matières Premières', 'Service Exploiatation & Gestion. Mat. Premières'),
('436', 'MERABET', 'MUSTAPHA REDHA', '2012-08-01', 'RONDIER NIV.II', 'CDI', 'Maitrise', 'Direction de Production', 'Dpt. Fabrication', 'Service Fabrication'),
('440', 'ZAIDI', 'HAMZA', '2012-08-01', 'OPERATEUR SALLE DE CONTRÔLE', 'CDI', 'Maitrise', 'Direction de Production', 'Dpt. Fabrication', 'Service Fabrication'),
('441', 'AMEROUCHE', 'AMAR', '2012-08-01', 'OPERATEUR SALLE DE CONTRÔLE', 'CDI', 'Maitrise', 'Direction de Production', 'Dpt. Fabrication', 'Service Fabrication'),
('442', 'SAI', 'TAREK', '2012-08-01', 'OPERATEUR SALLE DE CONTRÔLE', 'CDI', 'Maitrise', 'Direction de Production', 'Dpt. Fabrication', 'Service Fabrication'),
('443', 'KERKOUR', 'LOUTFI', '2012-08-01', 'OPERATEUR SALLE DE CONTRÔLE', 'CDI', 'Maitrise', 'Direction de Production', 'Dpt. Fabrication', 'Service Fabrication'),
('444', 'BOUDIB', 'KHIREDDINE', '2012-08-01', 'INGENIEUR EN MECANIQUE', 'CDI', 'Cadre', 'Direction de Développement', 'Dpt. Fabrication', 'Service Expédition'),
('450', 'BOUCENNA', 'KAIS', '2012-08-01', 'TECHNICIEN EN MECANIQUE', 'CDI', 'Maitrise', 'Direction de Production', 'Dpt. Entretien Mécanique', 'Service Expédition'),
('451', 'BELOUAR', 'HICHEM', '2015-01-04', 'MECANICIEN OP-II', 'CDI', 'Execution', 'Direction de Production', 'Dpt. Exploitation & Gestion Matières Premières', 'Service Concassage'),
('452', 'BAOUT', 'Lakhdar', '2013-04-01', 'MECANICIEN INDUSTRIEL OP II', 'CDI', 'Maitrise', 'Direction de Production', 'Dpt. Exploitation & Gestion Matières Premières', 'Service Entretien Matériel Roulant'),
('454', 'MEHENI', 'ABD ERREZZAQ', '2013-04-01', 'CHEF SECTION MECANIQUE', 'CDI', 'Cadre', 'Direction de Production', 'Dpt. Entretien Mécanique', 'Service Mécanique et Chaudronnerie'),
('455', 'LEHEF', 'ABDELAALI', '2013-07-17', 'MECANICIEN OHQ', 'CDI', 'Maitrise', 'Direction de Production', 'Dpt. Entretien Mécanique', 'Service Mécanique et Chaudronnerie'),
('457', 'BEN ZENOUNE', 'RACHID', '2014-05-04', 'MECANICIEN OP-II', 'CDI', 'Maitrise', 'Direction de Production', 'Dpt. Entretien Mécanique', 'Zone Cuison'),
('458', 'BOUADAM', 'RABAH', '2015-01-04', 'MECANICIEN OP-II', 'CDI', 'Execution', 'Direction de Production', 'Dpt. Fabrication', 'Service Expédition'),
('461', 'YOUSFI', 'ABDELMOUMENE', '2015-01-04', 'MECANICIEN OP-II', 'CDI', 'Execution', 'Direction de Production', 'Dpt. Entretien Mécanique', 'Service Mécanique et Chaudronnerie'),
('462', 'TOUIL', 'MUSTAPHA', '2015-01-04', 'MECANICIEN OP-II', 'CDI', 'Execution', 'Direction de Production', 'Dpt. Entretien Mécanique', 'Zone Ciment'),
('464', 'KEBABI', 'NABIL', '2015-01-04', 'MECANICIEN OP-II', 'CDI', 'Execution', 'Direction de Production', 'Dpt. Entretien Mécanique', 'Zone Cru'),
('465', 'MAMI', 'SEGHIR', '2015-01-15', 'MECANICIEN OP-II', 'CDI', 'Execution', 'Direction de Production', 'Dpt. Entretien Mécanique', 'Zone Ciment'),
('485', 'LEKDIM', 'MOHAMED', '2008-07-01', 'PUPITREUR', 'CDI', 'Execution', 'Direction de Production', 'Dpt. Fabrication', 'Service Expédition'),
('487', 'KHABER', 'LAID', '1996-06-01', 'PRESIDENT DIRECTEUR GENERAL (C.D.P)', 'CDI', 'Cadre', 'Direction Générale', NULL, NULL),
('488', 'MELLOULI', 'KHEIREDINE', '1996-06-01', 'OPERATEUR SALLE DE CONTROL PRINCIPAL', 'CDI', 'Cadre', 'Direction de Production', 'Dpt. Fabrication', 'Service Fabrication'),
('492', 'DJEMAA', 'SALAH', '1997-01-01', 'PUPITREUR', 'CDI', 'Execution', 'Direction de Production', 'Dpt. Fabrication', 'Service Expédition'),
('493', 'BOUAMOUDA', 'HALIM', '1993-01-10', 'SONDEUR', 'CDI', 'Maitrise', 'Direction de Production', 'Dpt. Exploitation & Gestion Matières Premières', 'Service Concassage'),
('494', 'GUERGOUR', 'FARES', '2010-10-01', 'MACON FUMISTE NIV.I', 'CDI', 'Execution', 'Direction de Production', 'Dpt. Fabrication', 'Service Fabrication'),
('500', 'BOUSSA', 'AHMED', '1997-01-01', 'AUX. FABRICATION', 'CDI', 'Execution', 'Direction de Production', 'Dpt. Fabrication', 'Service Fabrication'),
('502', 'LAKAB', 'ZAIDI', '1990-07-14', 'SURVEILLANT D\'ATELIER CHARGE DE GARDINAGE', 'CDI', 'Execution', 'Direction des Ressources Humaines', 'Dpt. Formation & recrutement, Gestion des emplois et des carrières prof', 'Service Oeuvres Sociales et Moyens Généreaux'),
('503', 'DOUAIR', 'ABDELMALEK', '1997-01-04', 'OPERATEUR SALLE DE CONTROL PRINCIPAL', 'CDI', 'Cadre', 'Direction de Production', 'Dpt. Fabrication', 'Service Fabrication'),
('504', 'BOUCHAHMA', 'KHIER', '1997-05-03', 'OPERATEUR SALLE DE CONTROL PRINCIPAL', 'CDI', 'Cadre', 'Direction de Production', 'Dpt. Fabrication', 'Service Fabrication'),
('505', 'LALIOUI', 'KHELIFA', '2009-06-17', 'AIDE LABORANTIN', 'CDI', 'Execution', 'Direction de Production', 'Dpt. Fabrication', 'Service Expédition'),
('508', 'RACHEDI', 'HICHEM', '1993-12-04', 'DIRECTEUR DE PRODUCTION (C.D)', 'CDI', 'Cadre', 'Direction Générale', NULL, NULL),
('509', 'BOUGHELALA', 'ALI', '2004-08-01', 'CHEF SERVICE CONTROLE QUALITE', 'CDI', 'Cadre', 'Direction de Production', 'Dpt. Controle Qualité & Process', 'Service Controle Qualité'),
('510', 'BOUGHELOUS', 'NOUREDDINE', '2004-08-01', 'CADRE EN CHEMIE', 'CDI', 'Cadre', 'Direction de Production', 'Dpt. Controle Qualité & Process', 'Service Controle Qualité'),
('511', 'MOUAZ', 'ADEL', '2004-08-01', 'TECHNICIEN SUPERIEUR EN CHIMIE', 'CDI', 'Maitrise', 'Direction de Production', 'Dpt. Controle Qualité & Process', 'Service Controle Qualité'),
('512', 'LEKDIM', 'MUSTAPHA', '2004-01-11', 'ASSISTANT PDG NIV. I', 'CDI', 'Cadre', 'Direction Générale', NULL, NULL),
('513', 'BELARBI', 'KOUIDER', '2004-01-11', 'CHEF SERVICE CONTROLE QUALITE', 'CDI', 'Cadre', 'Direction de Production', 'Dpt. Controle Qualité & Process', 'Service Controle Qualité'),
('516', 'DJOUDI', 'ALI', '2004-01-11', 'CHEF SERVICE EXPEDITION', 'CDI', 'Cadre', 'Direction de Production', 'Dpt. Fabrication', 'Service Expédition'),
('518', 'ADJIMI', 'RABAH', '2003-12-16', 'CONUCTEUR D\'ENGIN NIV.II', 'CDI', 'Maitrise', 'Direction de Production', 'Dpt. Exploitation & Gestion Matières Premières', 'Service Exploiatation & Gestion. Mat. Premières'),
('519', 'BAZA', 'ABDERRAHMANE', '2004-12-01', 'CONDUCTEUR D\'ENGIN NIV. I', 'CDI', 'Maitrise', 'Direction de Production', 'Dpt. EMR & Zone Concassage', 'Service Entretien Général'),
('521', 'OUARET', 'ABDELKRIM', '2004-09-18', 'CONUCTEUR D\'ENGIN NIV.II', 'CDI', 'Maitrise', 'Direction de Production', 'Dpt. Exploitation & Gestion Matières Premières', 'Service Exploiatation & Gestion. Mat. Premières'),
('524', 'SAFFIDINE', 'FAYCAL', '2004-03-03', 'CONDUCTEUR D\'ENGIN NIV. I', 'CDI', 'Maitrise', 'Direction de Production', 'Dpt. Exploitation & Gestion Matières Premières', 'Service Exploiatation & Gestion. Mat. Premières'),
('525', 'TOUMI', 'BOUALEM', '2003-12-13', 'CHAUFFEUR VL', 'CDI', 'Maitrise', 'Direction des Ressources Humaines', 'Dpt. Gestion des Compétences & des moyens', 'Service Oeuvres Sociales et Moyens Généreaux'),
('526', 'ZITOUNI', 'ABDELHAMID', '2003-12-16', 'CONDUCTEUR D\'ENGIN NIV.II', 'CDI', 'Maitrise', 'Direction de Production', 'Dpt. Exploitation & Gestion Matières Premières', 'Service Exploiatation & Gestion. Mat. Premières'),
('528', 'BOUSBASSI', 'RABAH', '2011-04-03', 'CONDUCTEUR D\'ENGIN NIV. I', 'CDI', 'Maitrise', 'Direction de Production', 'Dpt. Exploitation & Gestion Matières Premières', 'Service Concassage'),
('529', 'TOUAFEK', 'MOHAMED', '2004-01-11', 'CHEF SERVICE FABRICATION', 'CDI', 'Cadre', 'Direction de Production', 'Dpt. Fabrication', 'Service Fabrication'),
('530', 'LARBAOUI', 'ABDELGHANI', '2004-11-16', 'SONDEUR', 'CDI', 'Maitrise', 'Direction de Production', 'Dpt. Exploitation & Gestion Matières Premières', 'Service Exploiatation & Gestion. Mat. Premières'),
('531', 'BENSTITI', 'KHALED', '2004-11-20', 'PUPITREUR', 'CDI', 'Execution', 'Direction de Production', 'Dpt. Fabrication', 'Service Expédition'),
('532', 'BOUYOUCEF', 'BOUBAKER', '2004-11-20', 'SONDEUR', 'CDI', 'Maitrise', 'Direction de Production', 'Dpt. Exploitation & Gestion Matières Premières', 'Service Concassage'),
('533', 'MECHAKRA', 'Med CHERIF', '2004-11-20', 'SONDEUR', 'CDI', 'Maitrise', 'Direction de Production', 'Dpt. Exploitation & Gestion Matières Premières', 'Service Exploiatation & Gestion. Mat. Premières'),
('536', 'ADOUANI', 'LYAMINE', '2010-09-01', 'CONDUCTEUR D\'ENGIN NIV I', 'CDI', 'Maitrise', 'Direction de Production', 'Dpt. Fabrication', 'Service Fabrication'),
('537', 'BENDJENANE', 'MADJID', '2006-02-04', 'CONDUCTEUR D\'ENGIN + 32 TONNES', 'CDI', 'Maitrise', 'Direction de Production', 'Dpt. Exploitation & Gestion Matières Premières', 'Service Concassage'),
('539', 'RACHEDI', 'MESSAOUD', '2006-02-06', 'CONDUCTEUR D\'ENGIN + 32 TONNES', 'CDI', 'Maitrise', 'Direction de Production', 'Dpt. Exploitation & Gestion Matières Premières', 'Service Exploiatation & Gestion. Mat. Premières'),
('541', 'KHANICHE', 'ZAHIR', '2006-07-01', 'CONUCTEUR D\'ENGIN NIV.II', 'CDI', 'Maitrise', 'Direction de Production', 'Dpt. Exploitation & Gestion Matières Premières', 'Service Concassage'),
('542', 'BOUKHARI', 'MONCEF', '2004-02-01', 'AGENT DE SECURITE INTERNE', 'CDI', 'Maitrise', 'Direction de Développement Durable & Sécurité', 'Dpt. Hygiène, Sécurité & Envirennement', 'Service Intervention'),
('543', 'BOUTICHE', 'ADEL', '2009-02-01', 'AGENT DE SECURITE INDUSTRIEL', 'CDI', 'Maitrise', 'Direction de Développement Durable & Sécurité', 'Dpt. Hygiène, Sécurité & Envirennement', 'Service Intervention'),
('544', 'CHERIET', 'ADEL', '2009-02-01', 'SONDEUR', 'CDI', 'Maitrise', 'Direction de Production', 'Dpt. Exploitation & Gestion Matières Premières', 'Service Exploiatation & Gestion. Mat. Premières'),
('545', 'DIB', 'ZOHIR', '2009-04-01', 'CONDUCTEUR D\'ENGIN NIV. I', 'CDI', 'Maitrise', 'Direction de Production', 'Dpt. Exploitation & Gestion Matières Premières', 'Service Concassage'),
('546', 'MILA', 'HICHEM', '2009-05-02', 'PUPITREUR', 'CDI', 'Maitrise', 'Direction de Production', 'Dpt. Fabrication', 'Service Expédition'),
('547', 'AKOUCHE', 'DJAMEL', '2009-05-02', 'CONDUCTEUR D\'ENGIN NIV. I', 'CDI', 'Maitrise', 'Direction de Production', 'Dpt. Exploitation & Gestion Matières Premières', 'Service Exploiatation & Gestion. Mat. Premières'),
('548', 'RACHEDI', 'ABBES', '2009-08-08', 'CONDUCTEUR D\'ENGIN NIV. I', 'CDI', 'Maitrise', 'Direction de Production', 'Dpt. Exploitation & Gestion Matières Premières', 'Service Exploiatation & Gestion. Mat. Premières'),
('549', 'KAROUCHE', 'FAROUK', '2009-08-08', 'CONDUCTEUR D\'ENGIN NIV. I', 'CDI', 'Maitrise', 'Direction de Production', 'Dpt. Exploitation & Gestion Matières Premières', 'Service Exploiatation & Gestion. Mat. Premières'),
('552', 'ZIER', 'RACHID', '2011-03-01', 'MACON FUMISTE NIV.I', 'CDI', 'Execution', 'Direction de Production', 'Dpt. Fabrication', 'Service Fumisterie'),
('553', 'GUERGOUR', 'MALEK', '2011-03-01', 'MACON FUMISTE NIV.I', 'CDI', 'Execution', 'Direction de Production', 'Dpt. Fabrication', 'Service Fumisterie'),
('554', 'BOULEKROUN', 'SMAIL', '2009-06-17', 'CONDUCTEUR BOBCAT', 'CDI', 'Execution', 'Direction de Production', 'Dpt. Fabrication', 'Service Entretien Général'),
('555', 'ANNANE', 'NASSIM', '2011-09-04', 'AGENT COMMERCIAL', 'CDI', 'Execution', 'Diretion Commercial & Marketing', 'Dpt. Commercial', 'Service Facturation & Enlèvement'),
('556', 'BOUKAZOULA', 'KARIM', '2012-10-01', 'SONDEUR', 'CDI', 'Maitrise', 'Direction de Production', 'Dpt. Exploitation & Gestion Matières Premières', 'Service Concassage'),
('558', 'KERAKRA', 'KHEMISSI', '2013-04-01', 'SONDEUR', 'CDI', 'Maitrise', 'Direction de Production', 'Dpt. Exploitation & Gestion Matières Premières', 'Service Exploiatation & Gestion. Mat. Premières'),
('559', 'BOUSSA', 'ABDELKADER', '2014-04-01', 'MACON FUMISTE NIV.I', 'CDI', 'Execution', 'Direction de Production', 'Dpt. Fabrication', 'Service Fumisterie'),
('560', 'BOUCHAAR', 'LAYACHI', '2014-04-01', 'MACON FUMISTE NIV.I', 'CDI', 'Execution', 'Direction de Production', 'Dpt. Fabrication', 'Service Fumisterie'),
('561', 'BAZ', 'BOUDJEMA', '2014-04-01', 'MACON FUMISTE NIV.I', 'CDI', 'Execution', 'Direction de Production', 'Dpt. Fabrication', 'Service Fumisterie'),
('562', 'DIB', 'ABD EL HAMID', '2014-04-08', 'MACON FUMISTE NIV.I', 'CDI', 'Execution', 'Direction de Production', 'Dpt. Fabrication', 'Service Fumisterie'),
('570', 'KHENTOUT', 'BOUDJEMA', '2013-08-18', 'TECHNICIEN EN INFORMATIQUE', 'CDI', 'Maitrise', 'Direction de Développement', 'Dpt. Technologie de L\'information et de la communication', 'Service Informatique'),
('58', 'HAMICHE', 'MALIK', '2014-09-14', 'TECHNICIEN EN CHIMIE', 'CDI', 'Maitrise', 'Direction de Production', 'Dpt. Controle Qualité & Process', 'Service Controle Qualité'),
('592', 'SOUICI', 'ABDESSLEM', '2014-07-10', 'METREUR VERIFICATEUR', 'CDI', 'Maitrise', 'Direction de Développement', 'Dpt. Projets', 'Projet Génie Civil'),
('593', 'KERAGHEL', 'AHMED', '2014-07-01', 'CHEF D\'EQUIPE ENTRETIEN GENERALE', 'CDD', 'Maitrise', 'Direction de Production', 'Dpt. Fabrication', 'Service Entretien Général'),
('595', 'TALEB HACINE', 'SAMIR', '2008-06-01', 'CHEF SERVICE ENTRETIEN GENERAL', 'CDI', 'Cadre', 'Direction de Production', 'Dpt. Fabrication', 'Service Entretien Général'),
('597', 'LAOUER', 'WALID', '2013-01-06', 'INGENIEUR EN GENIE CIVIL', 'CDI', 'Cadre', 'Direction de Développement', 'Dpt. Projets', 'Projet Génie Civil'),
('61', 'CHAOUCH', 'SAAD', '2014-08-03', 'ÉCHANTILLONNEUR', 'CDI', 'Execution', 'Direction de Production', 'Dpt. Controle Qualité & Process', 'Service Controle Qualité'),
('620', 'BENMERABET', 'FATEH', '2010-07-06', 'MECANICIEN OP III', 'CDI', 'Execution', 'Direction de Production', 'Dpt. Exploitation & Gestion Matières Premières', 'Service Entretien Matériel Roulant'),
('622', 'BOUDRA', 'HAMZA', '2010-07-06', 'PUPITREUR', 'CDI', 'Execution', 'Direction de Production', 'Dpt. Fabrication', 'Service Expédition'),
('625', 'BADI', 'HICHEM', '2013-08-11', 'MECANICIEN OP-II', 'CDI', 'Execution', 'Direction de Production', 'Dpt. Exploitation & Gestion Matières Premières', 'Service Entretien Matériel Roulant'),
('626', 'KSENTINI', 'MEHDI', '2014-07-08', 'MECANICIEN D\'ENGIN NIV.II', 'CDI', 'Execution', 'Direction de Production', 'Dpt. EMR & Zone Concassage', 'Service Entretien Matériel Roulant'),
('627', 'BOUCHAREB', 'AZIZ', '2013-10-01', 'PREPARATEUR BEP', 'CDI', 'Cadre', 'Direction de Production', 'Dpt. Etudes & Méthodes', 'Service Etudes et Méthodes'),
('628', 'SAKHI', 'FAYCAL', '1986-05-03', 'TECHNICIEN EN INSTRUMENTATION', 'CDI', 'Maitrise', 'Direction de Production', 'Dpt.Mécanique', 'Service mécanique'),
('64', 'FREDJ', 'NOURREDINE', '2012-04-05', 'AIDE LABORANTIN', 'CDI', 'Execution', 'Direction de Production', 'Dpt. Controle Qualité & Process', 'Service Controle Qualité'),
('66', 'GUERGAR', 'WALID', '2012-03-07', 'AIDE LABORANTIN', 'CDI', 'Execution', 'Direction de Production', 'Dpt. Controle Qualité & Process', 'Service Controle Qualité'),
('671', 'CHAGHOUB', 'AISSAME', '2014-11-02', 'BOBINEUR', 'CDI', 'Execution', 'Direction de Production', 'Dpt. Electricité &Automatisme', 'Service Electricité'),
('674', 'NOUAR', 'MOURAD', '2015-07-01', 'BOBINEUR', 'CDI', 'Execution', 'Direction de Production', 'Dpt. Electricité &Automatisme', 'Service Electricité'),
('691', 'KESKES', 'SAID', '1987-08-10', 'CHEF DE POSTE EXPEDITION', 'CDI', 'Maitrise', 'Direction de Production', 'Dpt. Fabrication', 'Service Expédition'),
('70', 'BIOUD', 'HOUSSEM', '2011-09-04', 'TECHNICIEN SUPERIEURE DE SOINS', 'CDI', 'Maitrise', 'Direction des Ressources Humaines', 'Dpt. Gestion des Compétences & des moyens', 'Service Oeuvres Sociales et Moyens Généreaux'),
('701', 'BATTACHE', 'DOUADI', '2014-02-02', 'SOUDURE OP II', 'CDI', 'Maitrise', 'Direction de Production', 'Dpt. Fabrication', 'Service Expédition'),
('71', 'KADDOUR', 'MERIEM', '2014-02-02', 'SECRETAIRE DE DIRECTION', 'CDI', 'Maitrise', 'Direction Générale', NULL, NULL),
('712', 'KHELIFI', 'ABDELHAFID', '1987-03-08', 'RONDIER NIV.II', 'CDI', 'Maitrise', 'Direction de Production', 'Dpt. Fabrication', 'Service Fabrication'),
('718', 'KHAOUNI', 'FARES', '2004-12-21', 'DIRECTEUR APPROVISIONNEMENTS', 'CDI', 'Cadre', 'Direction Générale', NULL, NULL),
('719', 'ABDELI', 'BILLEL', '2014-05-18', 'BASCULIER', 'CDI', 'Execution', 'Direction des Approvisionnements', 'Dpt. Achats', 'Service Achat'),
('720', 'ZAIDI', 'ABDELLAH', '1984-09-15', 'SOUDEUR OP-III', 'CDI', 'Maitrise', 'Direction de Production', 'Dpt.Mécanique', 'Service Mécanique et Chaudronnerie'),
('729', 'DJEMAOUNE', 'ZEOUAOUI', '2010-03-01', 'ELECTRICIEN AOUTO ET ENGIN OP-II', 'CDI', 'Execution', 'Direction de Production', 'Dpt. Fabrication', 'Service Expédition'),
('73', 'BEN MAHAMMED', 'HASSINA', '2014-01-02', 'AGENT COMMERCIAL', 'CDI', 'Execution', 'Diretion Commercial & Marketing', 'Dpt. Marketing & Réeau Vente détail', 'Service Gestion réseau des ventes détail'),
('741', 'KHALDI', 'KHEMISTI', '1988-07-02', 'MECANICIEN OHQ', 'CDI', 'Maitrise', 'Direction de Production', 'Dpt. Entretien Mécanique', 'Service Entretien Général'),
('752', 'BENSEGHIR', 'ABEDELOUAHAB', '2009-10-01', 'CHEF DE ZONE CUISON (P/I)', 'CDI', 'Cadre', 'Direction de Production', 'Dpt. Entretien Mécanique', 'Zone Cuison'),
('758', 'HERIDI', 'MOHAMED AMINE', '2015-02-11', 'AGENT D\'INVENTAIRE', 'CDI', 'Execution', 'Direction des Finances et Budget', 'Dpt. Comptabilité Suivi Budgétaire', 'Service Comptabilité Analytique et suivi Budgétaire'),
('759', 'KHEDDAR', 'BRAHIM', '2015-05-10', 'AGENT D\'INVENTAIRE', 'CDI', 'Execution', 'Direction des Finances et Budget', 'Dpt. Comptabilité Suivi Budgétaire', 'Service Comptabilité Analytique et suivi Budgétaire'),
('760', 'BOUCHAAR', 'BILLAL', '2015-05-10', 'COMPTABLE', 'CDI', 'Maitrise', 'Direction des Finances et Budget', 'Dpt.Comptabilité Générale', 'Service Comptabilité Générale et fiscalité'),
('768', 'BOUKAROURA', 'RABAH', '1984-09-17', 'CHEF D\'EQUIPE ATELIER BOBINAGE', 'CDI', 'Execution', 'Direction de Production', 'Dpt. Fabrication', 'Service Fabrication'),
('77', 'BAHBAR', 'FELLA', '1994-05-02', 'AGENT DE FABRICATION CHARGE DE MENAGE', 'CDI', 'Execution', 'Direction des Ressources Humaines', 'Dpt. Gestion des Compétences & des moyens', 'Service Oeuvres Sociales et Moyens Généreaux'),
('789', 'HARRATH', 'LAID', '1990-05-05', 'CHEF DE POSTE EXPEDITION', 'CDI', 'Maitrise', 'Direction de Production', 'Dpt. Fabrication', 'Service Expédition'),
('794', 'KHITER', 'ISSAM', '2011-04-03', 'CHAUDRONNIER OP-II', 'CDI', 'Execution', 'Direction de Production', 'Dpt. Fabrication', 'Zone Ciment'),
('80', 'KACIMI', 'LAKHDAR', '1992-09-21', 'CHAUFFEUR VL', 'CDI', 'Execution', 'Direction des Ressources Humaines', 'Dpt. Gestion des Compétences & des moyens', 'Service Oeuvres Sociales et Moyens Généreaux'),
('802', 'KENOUCHE', 'MOUSSA', '1991-01-13', 'RONDIER NIV.II', 'CDI', 'Maitrise', 'Direction de Production', 'Dpt. Fabrication', 'Service Fabrication'),
('806', 'DIAFAT', 'AMAR', '1992-02-01', 'SOUDURE OP III', 'CDI', 'Maitrise', 'Direction de Production', 'Dpt. Entretien Mécanique', 'Service mécanique'),
('808', 'YOUSFI', 'KHIER', '1996-08-03', 'SOUDURE NIV. III', 'CDI', 'Maitrise', 'Direction de Production', 'Dpt. Exploitation & Gestion Matières Premières', 'Service Entretien Matériel Roulant'),
('81', 'BENHADHOUM', 'FAYCAL', '1991-02-11', 'AGENT DE SECURITE INDUSTRIEL', 'CDI', 'Maitrise', 'Direction de Développement Durable & Sécurité', 'Dpt. Hygiène, Sécurité & Envirennement', 'Service Intervention'),
('813', 'AYAD', 'RABAH', '1994-04-26', 'CHEF SECTION CRU', 'CDI', 'Cadre', 'Direction de Production', 'Dpt. Entretien Mécanique', 'Zone Cru'),
('814', 'BOULAHNACHE', 'OMAR', '1994-04-26', 'SOUDEUR OP-III', 'CDI', 'Maitrise', 'Direction de Production', 'Dpt. Entretien Mécanique', 'Zone Cru'),
('815', 'KHENTOUT', 'TAHAR', '1994-09-01', 'CHEF D\'EQUIPE CHAUDRONIE', 'CDI', 'Maitrise', 'Direction de Production', 'Dpt. Entretien Mécanique', 'Service mécanique'),
('816', 'RACHEDI', 'NOURI', '1994-07-02', 'TECHNICIEN EN MAINTENANCE', 'CDI', 'Maitrise', 'Direction de Production', 'Dpt.Mécanique', 'Zone Cuison'),
('817', 'CHERGUI', 'MERAOUANE', '2002-02-11', 'SOUDEUR OP-I', 'CDI', 'Execution', 'Direction de Production', 'Dpt.Mécanique', 'Zone Cru'),
('82', 'BIOUD', 'ABDELAZIZ', '1991-02-13', 'CHAUFFEUR VL', 'CDI', 'Execution', 'Direction des Ressources Humaines', 'Dpt. Gestion des Compétences & des moyens', 'Service Oeuvres Sociales et Moyens Généreaux'),
('821', 'HASSED', 'AZZOUZ', '1997-10-13', 'CHEF SECTION MATERIELS ROULANTS', 'CDI', 'Cadre', 'Direction de Production', 'Dpt. Exploitation & Gestion Matières Premières', 'Service Entretien Matériel Roulant'),
('823', 'HENOUZ', 'MOURAD', '2014-09-14', 'TUYAUTEUR OP2', 'CDI', 'Execution', 'Direction de Production', 'Dpt. Entretien Mécanique', 'Service Utilité'),
('825', 'BOUTICHE', 'RAOUF', '1998-11-14', 'CHEF DE SERVICE FUMISTERIE', 'CDI', 'Cadre', 'Direction de Production', 'Dpt. Fabrication', 'Service Fumisterie'),
('827', 'DAHEL', 'KARIM', '1999-06-01', 'CHEF DE POSTE PRODUCTION', 'CDI', 'Cadre', 'Direction de Production', 'Dpt. Fabrication', 'Service Fabrication'),
('828', 'BENLAKEHAL', 'YAHIA ABDENOR', '1999-06-01', 'OPERATEUR SALLE DE CONTROL PRINCIPAL', 'CDI', 'Cadre', 'Direction de Production', 'Dpt. Fabrication', 'Service Fabrication'),
('829', 'KADEM', 'LAID', '1999-11-06', 'CHEF SERVICE ELECTRICITE P/I', 'CDI', 'Cadre', 'Direction de Production', 'Dpt. Electricité &Automatisme', 'Service Electricité'),
('831', 'BOUHRAMA', 'SAMIR', '2001-10-01', 'CHEF DE POSTE PRODUCTION', 'CDI', 'Cadre', 'Direction de Production', 'Dpt. Fabrication', 'Service Fabrication'),
('832', 'DELLAL', 'NOUARI', '2001-10-20', 'CHEF SECTION MECANIQUE', 'CDI', 'Cadre', 'Direction de Production', 'Dpt. Entretien Mécanique', 'Zone Cuison'),
('833', 'KADA', 'BADREDDINE', '2001-10-16', 'CHEF DE POSTE PRODUCTION', 'CDI', 'Cadre', 'Direction de Production', 'Dpt. Fabrication', 'Service Fabrication'),
('834', 'LIAMINI', 'CHOUAIB', '2001-10-01', 'PREPARATEUR UTILITE', 'CDI', 'Cadre', 'Direction de Production', 'Dpt. Etudes & Méthodes', 'Service Etudes et Méthodes'),
('836', 'BOUMAKHLOUF', 'MABROUK', '2001-10-01', 'CHEF SERVICE PROCESS', 'CDI', 'Cadre', 'Direction de Production', 'Dpt. Controle Qualité & Process', 'Service Process'),
('837', 'LOUNIS', 'BACHIR', '2001-10-13', 'CHEF DE POSTE PRODUCTION', 'CDI', 'Cadre', 'Direction de Production', 'Dpt. Fabrication', 'Service Fabrication'),
('839', 'GUENOUCHE', 'SMAIL', '2001-11-17', 'CHEF SECTION MAINTENANCE', 'CDI', 'Cadre', 'Direction de Production', 'Dpt. Fabrication', 'Service Expédition'),
('840', 'TALBI', 'HASSEN', '2001-10-01', 'CHEF DE ZONE CONCASSAGE', 'CDI', 'Cadre', 'Direction de Production', 'Dpt. Etudes & Méthodes', 'Service Concassage'),
('841', 'KOUCHIT', 'HASSAN', '1989-09-30', 'CHEF DE ZONE CRU', 'CDI', 'Cadre', 'Direction de Production', 'Dpt. Entretien Mécanique', 'Zone Cru'),
('843', 'MADANI', 'NOUREDDINE', '2002-08-04', 'CHEF DE DEPARTEMENT FABRICATION', 'CDI', 'Cadre', 'Direction de Production', 'Dpt. Fabrication', NULL),
('844', 'BENLAKEHAL', 'RIDHA', '2001-11-24', 'CHEF DE DEPARTEMENT ELECTRICITE ET AUTOMATISME', 'CDI', 'Cadre', 'Direction de Production', 'Dpt. Electricité &Automatisme', NULL),
('845', 'ADJISSI', 'FOUED', '2002-08-04', 'CHEF DEPARTEMENT ELECTRICITE P/I', 'CDI', 'Cadre', 'Direction de Production', 'Dpt. Electricité &Automatisme', 'Service Electricité'),
('846', 'BENZADI', 'KAMEL', '1994-10-17', 'TECHNICIEN EN MAINTENANCE', 'CDI', 'Maitrise', 'Direction de Production', 'Dpt. Entretien Mécanique', 'Zone Cuison'),
('847', 'LEKOUGHET', 'MUSTAPHA', '2002-08-05', 'CHEF DE DEPARTEMENT ETUDES ET METHODES', 'CDI', 'Cadre', 'Direction de Production', 'Dpt. Etudes & Méthodes', NULL),
('848', 'MEDJMEDJ', 'NADIR', '2002-12-01', 'COORDINATEUR POSTE', 'CDI', 'Cadre', 'Direction de Production', 'Dpt. Fabrication', 'Service Fabrication'),
('851', 'TALBI', 'ABDELOUAHAB', '2003-08-02', 'CHEF DES PROJETS ELECTRICITE', 'CDI', 'Cadre', 'Direction de Développement', 'Dpt. Projets', 'Projet Electricité'),
('852', 'BELKEFOUL', 'MOHAMED', '2004-05-17', 'INGENIEUR CHARGE DE LA DOCUMENTATION ET L\'ARCHIVE', 'CDI', 'Cadre', 'Direction de Développement', 'Dpt. Projets', 'Projet Mécanique'),
('853', 'MANSOURI', 'FERHAT', '2004-05-17', 'CHEF DE POSTE CARRIERE', 'CDI', 'Maitrise', 'Direction de Production', 'Dpt. Fabrication', 'Service Entretien Général'),
('854', 'ZOKRAMI', 'AMAR', '2004-05-17', 'CHEF SECTION EXPLOITATION MATIÈRES PREMIÈRES', 'CDI', 'Cadre', 'Direction de Production', 'Dpt. Exploitation & Gestion Matières Premières', 'Service Exploiatation & Gestion. Mat. Premières'),
('855', 'AYAT', 'KHALIL', '2004-06-01', 'OPERATEUR SALLE DE CONTRÔLE', 'CDI', 'Maitrise', 'Direction de Production', 'Dpt. Fabrication', 'Service Fabrication'),
('857', 'GOUNAR', 'SAMIR', '2004-06-01', 'CHEF DE POSTE PRODUCTION', 'CDI', 'Cadre', 'Direction de Production', 'Dpt. Fabrication', 'Service Fabrication'),
('858', 'HAMROUNI', 'RABIE', '2004-06-01', 'CHEF DES PROJET MECANIQUE', 'CDI', 'Cadre', 'Direction de Développement', 'Dpt. Projets', 'Projet Mécanique'),
('859', 'BOUHADDA', 'ABDELOUAHAB', '2004-08-01', 'CHEF SECTION B.E.P', 'CDI', 'Cadre', 'Direction de Production', 'Dpt. Etudes & Méthodes', 'Service Etudes et Méthodes'),
('86', 'GHERIB', 'RABAH', '2003-10-04', 'Chef DPT technologie de l\'information et de la Communication', 'CDI', 'Cadre', 'Direction de Développement', 'Dpt. Technologie de L\'information et de la communication', 'Service Informatique'),
('861', 'REGAD', 'SAAD', '2004-08-16', 'CHEF DE ZONE CIMENTS', 'CDI', 'Cadre', 'Direction de Production', 'Dpt.Mécanique', 'Zone Ciment'),
('865', 'MEZLI', 'ZIAD', '2004-03-03', 'CHEF SERVICE MECANIQUE', 'CDI', 'Cadre', 'Direction de Production', 'Dpt. Entretien Mécanique', 'Service Mécanique et Chaudronnerie'),
('866', 'MERIKHI', 'DJALEL', '2004-01-11', 'CHEF DEPARTEMENT DES PROJETS', 'CDI', 'Cadre', 'Direction de Développement', 'Dpt. Projets', NULL),
('867', 'NADJA', 'DJALEL', '2002-12-28', 'CHEF SECTION MATIERES PREMIERES', 'CDI', 'Maitrise', 'Direction des Approvisionnements', 'Dpt. Achats', 'Service Achat'),
('87', 'ZABOUR', 'LYES', '2004-07-03', 'CHEF SERVICE GESTION DU PERSONNEL', 'CDI', 'Cadre', 'Direction des Ressources Humaines', 'Dpt. Gestion des Compétences & des moyens', 'Service Gestion des compétences'),
('870', 'BOUDJIRA', 'KAMEL', '2004-10-16', 'OPERATEUR SALLE DE CONTROLE NIV 1', 'CDI', 'Cadre', 'Direction de Production', 'Dpt. Fabrication', 'Service Fabrication'),
('872', 'ZAOUAGA', 'HASNI', '2004-10-19', 'OPERATEUR SALLE DE CONTRÔLE', 'CDI', 'Maitrise', 'Direction de Production', 'Dpt. Fabrication', 'Service Fabrication'),
('874', 'HADIBI', 'MOHAMED', '2004-10-25', 'CHEF DE QUART PRODUCTION', 'CDI', 'Cadre', 'Direction de Production', 'Dpt. Fabrication', 'Service Fabrication'),
('876', 'MOKEDDEM', 'SAMIR', '2004-10-25', 'OPERATEUR SALLE DE CONTRÔLE', 'CDI', 'Maitrise', 'Direction de Production', 'Dpt. Fabrication', 'Service Fabrication'),
('877', 'GHEDIA', 'BRAHIM', '2004-01-11', 'CHEF DE DEPARTEMENT PROCESS ,QUALITE ET ENVIRONNEMENT', 'CDI', 'Cadre', 'Direction de Production', 'Dpt. Controle Qualité & Process', 'Service Process'),
('878', 'BRAHIMI', 'AISSA', '2004-02-04', 'CHEF DE DEPARTEMENT MATIERES PREMIERES', 'CDI', 'Cadre', 'Direction de Production', 'Dpt. Exploitation & Gestion Matières Premières', NULL),
('879', 'BECIR', 'FOUDIL', '2004-11-02', 'CHEF DE DEPARTEMENT MECANIQUE INDUSTRIELLE', 'CDI', 'Cadre', 'Direction de Production', 'Dpt. Entretien Mécanique', NULL);
INSERT INTO `personnel` (`Matricule`, `Nom`, `Prenom`, `Date_Entree`, `Poste`, `Type_Emploi`, `Categorie`, `Direction`, `Departement`, `Service`) VALUES
('88', 'KHELLAF', 'MOHAMED', '2008-05-03', 'CHAUFFEUR POIDS LOURD', 'CDI', 'Execution', 'Direction des Approvisionnements', 'Dpt. Achats', 'Service Achat'),
('880', 'DIB', 'RIADH', '2004-11-02', 'PREPARATEUR (ZONE CRU)', 'CDI', 'Cadre', 'Direction de Production', 'Dpt. Entretien Mécanique', 'Service Etudes et Méthodes'),
('881', 'SAFFIDINE', 'YASSINE', '2004-11-02', 'CHEF D\'EQUIPE ELECTRICITE', 'CDI', 'Maitrise', 'Direction de Production', 'Dpt. Electricité &Automatisme', 'Service Electricité'),
('90', 'AFFANE', 'ABDELDJELEL', '2014-06-04', 'GESTIONNAIRE DU PERSONNEL', 'CDI', 'Maitrise', 'Direction des Ressources Humaines', 'Dpt. Gestion des Compétences & des moyens', 'Service Gestion des compétences'),
('900', 'SALHI', 'NADIR', '2015-06-01', 'AGENT DE SECURITE INDUSTRIEL', 'CDI', 'Maitrise', 'Direction de Développement Durable & Sécurité', 'Dpt. Hygiène, Sécurité & Envirennement', 'Service Intervention'),
('901', 'AMARI', 'YASSINE', '2014-08-01', 'AGENT DE SECURITE INDUSTRIEL', 'CDI', 'Maitrise', 'Direction de Développement Durable & Sécurité', 'Dpt. Hygiène, Sécurité & Envirennement', 'Service Intervention'),
('904', 'MEHENNI', 'BOUALAM', '2014-06-01', 'AGENT DE SECURITE INDUSTRIEL', 'CDI', 'Maitrise', 'Direction de Développement Durable & Sécurité', 'Dpt. Hygiène, Sécurité & Envirennement', 'Service Intervention'),
('905', 'SALIM', 'TOUFIK', '2014-06-01', 'AGENT DE SECURITE INDUSTRIEL', 'CDI', 'Maitrise', 'Direction de Développement Durable & Sécurité', 'Dpt. Hygiène, Sécurité & Envirennement', 'Service Intervention'),
('906', 'LAIB', 'MOURAD', '2014-06-01', 'AGENT DE SECURITE INDUSTRIEL', 'CDI', 'Maitrise', 'Direction de Développement Durable & Sécurité', 'Dpt. Hygiène, Sécurité & Envirennement', 'Service Intervention'),
('907', 'BENSEDIRA', 'SIF EDDINE', '2014-07-01', 'AGENT DE SECURITE INDUSTRIEL', 'CDI', 'Maitrise', 'Direction de Développement Durable & Sécurité', 'Dpt. Hygiène, Sécurité & Envirennement', 'Service Intervention'),
('912', 'MEDJEKDOUD', 'YASSINE', '2014-12-07', 'AGENT DE SECURITE INDUSTRIEL', 'CDI', 'Maitrise', 'Direction de Développement Durable & Sécurité', 'Dpt. Hygiène, Sécurité & Envirennement', 'Service Intervention'),
('913', 'LABABSA', 'SOUFIANE', '2011-04-03', 'CHEF DE QUART SECURITE', 'CDI', 'Maitrise', 'Direction de Développement Durable & Sécurité', 'Dpt. Hygiène, Sécurité & Envirennement', 'Service Intervention'),
('915', 'BOUMEKHILA', 'NABIL', '2011-04-03', 'CHEF DE QUART SECURITE', 'CDI', 'Maitrise', 'Direction de Développement Durable & Sécurité', 'Dpt. Hygiène, Sécurité & Envirennement', 'Service Intervention'),
('919', 'SABER', 'KHALED', '2011-05-02', 'CHEF DE QUART SECURITE', 'CDI', 'Maitrise', 'Direction de Développement Durable & Sécurité', 'Dpt. Hygiène, Sécurité & Envirennement', 'Service Intervention'),
('920', 'BOUSSA', 'SALIM', '2011-09-04', 'CHEF SERVICE INTERVENTION (SECU & ENVIR)', 'CDI', 'Cadre', 'Direction de Développement Durable & Sécurité', 'Dpt. Hygiène, Sécurité & Envirennement', 'Service Intervention'),
('923', 'CHAOUI', 'HACENE', '1993-09-06', 'AGENT COMMERCIAL', 'CDI', 'Maitrise', 'Diretion Commercial & Marketing', 'Dpt. Commercial', 'Service Facturation & Enlèvement'),
('926', 'AYAT', 'SIFI', '1990-08-06', 'CHEF DE QUART SECURITE', 'CDI', 'Maitrise', 'Direction de Développement Durable & Sécurité', 'Dpt. Hygiène, Sécurité & Envirennement', 'Service Intervention'),
('927', 'KHERMACHE', 'LYAMINE', '1989-05-25', 'AGENT COMMERCIAL', 'CDI', 'Maitrise', 'Diretion Commercial & Marketing', 'Dpt. Commercial', 'Service Facturation & Enlèvement'),
('SME01', 'TAMINE', 'IMAD', NULL, 'ELECTRICIEN', NULL, 'Execution', 'Direction de Production', 'Dpt. Electricité &Automatisme', NULL),
('SME02', 'BELAAZ', 'SOFIANE', NULL, 'ELECTRICIEN', NULL, 'Execution', 'Direction de Production', 'Dpt. Electricité &Automatisme', NULL),
('SME03', 'BENCHIKH LHOUCINE', 'ADIB', NULL, 'ELECTRICIEN', NULL, 'Execution', 'Direction de Production', 'Dpt. Electricité &Automatisme', NULL),
('SMIF01', 'AKABI', 'ABDELMADJID', NULL, 'ELECTRICIEN', NULL, 'Execution', 'Direction de Production', 'Dpt. Electricité &Automatisme', NULL);

-- --------------------------------------------------------

--
-- Table structure for table `poste`
--

CREATE TABLE `poste` (
  `Poste` varchar(255) DEFAULT NULL
) ENGINE=InnoDB DEFAULT CHARSET=utf8;

--
-- Dumping data for table `poste`
--

INSERT INTO `poste` (`Poste`) VALUES
('AGENT COMMERCIAL'),
('AGENT ADMINISTRATIF (CORESPENDANT SOCIAL)'),
('AGENT ADMINISTRATIF (CTA)'),
('AGENT COMMERCIAL (CTA)'),
('AGENT DE CARRIERE'),
('AGENT DE FABRICATION'),
('AGENT DE FABRICATION CHARGE DE MENAGE'),
('AGENT DE SECURITE INDUSTRIEL'),
('AGENT DE SECURITE INTERNE'),
('Agent de transite chargé douane'),
('AGENT D\'ENTRETIEN POLYVALENT'),
('AGENT D\'INVENTAIRE'),
('AGENT TECHNIQUE EN INFORMATIQUE'),
('AIDE LABORANTIN'),
('ASSISTANT DE DIRECTION'),
('ASSISTANT PDG NIV II CHARGÉ DE L\'AUDIT'),
('ASSISTANT PDG NIV III CHARGÉ DU CONTRÔLE DE GESTION'),
('ASSISTANT PDG NIV. I'),
('ASSISTANTE DE DIRECTION'),
('AUTOMATICIEN'),
('AUX. FABRICATION'),
('BASCULIER'),
('BOBINEUR'),
('CADRE ADMINISTRATIF CHARGE DE LA GESTION PAIE,FORMATION ET COMPETENCE'),
('CADRE ADMINISTRATIVE (CHARGER DE LA SECURITE INTERNE)'),
('CADRE D\'AUDIT'),
('CADRE EN CHEMIE'),
('CADRE FINANCIER'),
('CADRE FINANCIER CHARGE CONTROLE DE LA GESTION'),
('CHAUDRONNIER OP-II'),
('CHAUFFEUR POIDS LOURD'),
('CHAUFFEUR SEMI REMORQUE'),
('CHAUFFEUR TOUS CATEGORIES'),
('CHAUFFEUR VL'),
('CHAUFFEUR/ACHETEUR'),
('CHEF DE CARRIERE'),
('CHEF DE DEPARTEMENT ACHAT'),
('CHEF DE DEPARTEMENT COMMERCIAL'),
('CHEF DE DEPARTEMENT ELECTRICITE ET AUTOMATISME'),
('CHEF DE DEPARTEMENT ETUDES ET METHODES'),
('CHEF DE DEPARTEMENT FABRICATION'),
('CHEF DE DEPARTEMENT FINANCES ET BUDGET'),
('CHEF DE DEPARTEMENT MATIERES PREMIERES'),
('CHEF DE DEPARTEMENT MECANIQUE INDUSTRIELLE'),
('CHEF DE DEPARTEMENT PROCESS ,QUALITE ET ENVIRONNEMENT'),
('CHEF DE DEPARTEMENT RESSOURCES HUMAINES'),
('CHEF DE POSTE CARRIERE'),
('CHEF DE POSTE EXPEDITION'),
('CHEF DE POSTE PRODUCTION'),
('CHEF DE QUART PRODUCTION'),
('CHEF DE QUART SECURITE'),
('CHEF DE SECTION ZONE CIMENT'),
('CHEF DE SERVICE FUMISTERIE'),
('CHEF DE ZONE CIMENTS'),
('CHEF DE ZONE CONCASSAGE'),
('CHEF DE ZONE CRU'),
('CHEF DE ZONE CUISON (P/I)'),
('CHEF DEPARTEMENT DES PROJETS'),
('CHEF DEPARTEMENT ELECTRICITE P/I'),
('CHEF D\'EQUIPE ATELIER BOBINAGE'),
('CHEF D\'EQUIPE CHAUDRONIE'),
('CHEF D\'EQUIPE ELECTRICITE'),
('CHEF D\'EQUIPE ENTRETIEN GENERALE'),
('CHEF DES PROJET MECANIQUE'),
('CHEF DES PROJETS ELECTRICITE'),
('Chef DPT technologie de l\'information et de la Communication'),
('CHEF SECTION ACHATS'),
('CHEF SECTION ATELIER ELECTRICITE'),
('CHEF SECTION B.E.P'),
('CHEF SECTION BEP CHARGE SYSTEM COSWIN'),
('CHEF SECTION CHARGE DE VENTE'),
('CHEF SECTION COMPTABILITE ANALYTIQUE'),
('CHEF SECTION COMPTABILITE GENERALE'),
('CHEF SECTION CONCASSAGE'),
('CHEF SECTION CONTROLE ET ENLEVEMENT'),
('CHEF SECTION CRU'),
('CHEF SECTION ELECTRICITE'),
('CHEF SECTION EXPLOITATION MATIÈRES PREMIÈRES'),
('CHEF SECTION GESTION DES STOCKS'),
('CHEF SECTION GESTION DU PERSONNEL'),
('CHEF SECTION M.G.X'),
('CHEF SECTION MAINTENANCE'),
('CHEF SECTION MATERIELS ROULANTS'),
('CHEF SECTION MATIERES PREMIERES'),
('CHEF SECTION MECANIQUE'),
('CHEF SECTION PROCESS'),
('CHEF SECTION PROGRAMATION ET FICHIERS CLIENTS'),
('CHEF SECTION PROGRAMMATION'),
('CHEF SECTION RECOUVREMENT'),
('CHEF SECTION RELATION CLIENTELE'),
('CHEF SECTION TRESORIE'),
('CHEF SECTION UTILITE'),
('CHEF SERVICE UTILITE'),
('CHEF SERVICE ACHATS'),
('CHEF SERVICE AUTOMATISME'),
('CHEF SERVICE AUTOMATISME P/I'),
('CHEF SERVICE COMPTABILITE ANALYTIQUE'),
('CHEF SERVICE COMPTABILITE GENERALE'),
('CHEF SERVICE CONCASSAGE'),
('CHEF SERVICE CONTROLE QUALITE'),
('CHEF SERVICE ELECTRICITE P/I'),
('CHEF SERVICE ENTRETIEN GENERAL'),
('CHEF SERVICE ETUDES ET METHODES'),
('CHEF SERVICE EXPEDITION'),
('CHEF SERVICE FABRICATION'),
('CHEF SERVICE FINANCE ET TRÉSORIER'),
('CHEF SERVICE GESTION DES STOCKS'),
('CHEF SERVICE GESTION DU PERSONNEL'),
('CHEF SERVICE INTERVENTION (SECU & ENVIR)'),
('CHEF SERVICE MATERIEL ROULANTS'),
('CHEF SERVICE MECANIQUE'),
('CHEF SERVICE PREVENTION ET PROTECTION DE L\'ENVIRONNEMENT'),
('CHEF SERVICE PROCESS'),
('CHEF SERVICE PROGRAMATION ET VENTES'),
('CHEF SERVICE SOCIAL ET MGX'),
('COMPTABLE'),
('CONDUCTEUR BOBCAT'),
('CONDUCTEUR D\'ENGIN + 32 TONNES'),
('CONDUCTEUR D\'ENGIN NIV I'),
('CONDUCTEUR D\'ENGIN NIV. I'),
('CONDUCTEUR D\'ENGIN NIV.II'),
('CONTREMAITRE'),
('CONUCTEUR D\'ENGIN NIV.II'),
('COORDINATEUR POSTE'),
('CORRESPONDANT SOCIAL'),
('DECLARANT EN DOUANE'),
('DIRECTEUR APPROVISIONNEMENTS'),
('DIRECTEUR COMMERCIAL'),
('DIRECTEUR DE PRODUCTION (C.D)'),
('DIRECTEUR DES AFFAIRES JURIDIQUES ET CONTENTIEUX'),
('DIRECTEUR DES RESSOURCES HUMAINES (C.D)'),
('DIRECTEUR FINANCES ET BUDGET (C.D)'),
('ÉCHANTILLONNEUR'),
('ELECTRICIEN'),
('ELECTRICIEN AOUTO ET ENGIN OP-II'),
('ELECTRICIEN INDUSTRIEL'),
('FACTOTUM'),
('FEMME DE MENAGE'),
('GESTIONAIRE D\'ARCHIVE'),
('GESTIONNAIRE DES STOCKS'),
('GESTIONNAIRE DU PAIE'),
('GESTIONNAIRE DU PERSONNEL'),
('GRUTIER'),
('Ingenieur en mécanique industriel'),
('INGENIEUR BEP (ZONE CONCASAGE)'),
('INGENIEUR BEP (ZONE CUISSON)'),
('INGENIEUR BEP(EXPIDITION)'),
('INGENIEUR BEP(UTILITE)'),
('INGENIEUR BEP(ZONE CIMENT)'),
('INGENIEUR BEP(ZONE CRU)'),
('INGENIEUR CHARGE DE LA DOCUMENTATION ET L\'ARCHIVE'),
('INGENIEUR DE SYSTEME'),
('INGENIEUR DE SYSTEME ENERGIE INDUSTRIEL'),
('INGENIEUR D\'EXPLOITATION DES MINES'),
('INGENIEUR EN AUTOMATISME'),
('INGENIEUR EN CHIMIE'),
('INGENIEUR EN ELECTRICITE'),
('INGENIEUR EN ELECTRICITE INDUSTRIEL ET AUTOMATISME'),
('INGENIEUR EN ELECTRONIQUE'),
('INGENIEUR EN ELECTROTECHNIQUE'),
('INGENIEUR EN ELECTROTECHNIQUE INDUSTRIEL'),
('INGENIEUR EN GENIE CIVIL'),
('INGENIEUR EN INFORMATIQUE'),
('INGENIEUR EN MAINTENANCE M.R'),
('INGENIEUR EN MECANIQUE'),
('INGENIEUR EN PREVENTION ET SECURITE INDUSTRIELLE'),
('INGENIEUR EN REGULATION ET AUTOMATISME'),
('MACON FUMISTE NIV.I'),
('MAGASINIER'),
('MECANICIEN D\'ENGIN NIV.II'),
('MECANICIEN D\'ENGINS'),
('MECANICIEN INDUSTRIEL OP II'),
('MECANICIEN OHQ'),
('MECANICIEN OP III'),
('MECANICIEN OP-II'),
('METREUR VERIFICATEUR'),
('MINEUR'),
('OPERATEUR SALLE CONCASSAGE'),
('OPERATEUR SALLE DE CONTROL PRINCIPAL'),
('OPERATEUR SALLE DE CONTRÔLE'),
('OPERATEUR SALLE DE CONTROLE NIV 1'),
('PREPARATEUR (ZONE CIMENT)'),
('PREPARATEUR (ZONE CRU)'),
('PREPARATEUR BEP'),
('PREPARATEUR ELECTRICITE'),
('PREPARATEUR UTILITE'),
('PRESIDENT DIRECTEUR GENERAL (C.D.P)'),
('PUPITREUR'),
('PUPITREUR'),
('RONDIER'),
('RONDIER (CTA)'),
('RONDIER NIV.II'),
('SECRETAIRE'),
('SECRETAIRE DE DIRECTION'),
('SONDEUR'),
('SOUDEUR OP-I'),
('SOUDEUR OP-III'),
('SOUDURE NIV. III'),
('SOUDURE OP II'),
('SOUDURE OP III'),
('SURVEILLANT D\'ATELIER CHARGE DE GARDINAGE'),
('T S EN AUTOMATISME'),
('T.S EN CHIMIE'),
('T.S EN ELECTRICITE ET AUTOMATISME'),
('T.S MECANIQUE'),
('TECHNICIEN AUTOMATICIEN'),
('TECHNICIEN EN AUTOMATISME'),
('TECHNICIEN EN CHIMIE'),
('TECHNICIEN EN CHIMIE INDUTRIEL'),
('TECHNICIEN EN ELECTRICITE'),
('TECHNICIEN EN INFORMATIQUE'),
('TECHNICIEN EN INSTRUMENTATION'),
('TECHNICIEN EN MAINTENANCE'),
('TECHNICIEN EN MECANIQUE'),
('TECHNICIEN SUPERIEUR EN CHIMIE'),
('TECHNICIEN SUPERIEUR EN ELECTROTECHNIQUE'),
('TECHNICIEN SUPERIEUR EN MECANIQUE'),
('TECHNICIEN SUPERIEURE DE SOINS'),
('TOURNOUR'),
('TUYAUTEUR OP2'),
('VULCANISATEUR');

-- --------------------------------------------------------

--
-- Table structure for table `service`
--

CREATE TABLE `service` (
  `Service` varchar(255) DEFAULT NULL
) ENGINE=InnoDB DEFAULT CHARSET=utf8;

--
-- Dumping data for table `service`
--

INSERT INTO `service` (`Service`) VALUES
('Projet Electricité'),
('Projet Génie Civil'),
('Projet Mécanique'),
('Service Achat'),
('Service audit'),
('Service Automatisme'),
('Service Comptabilité Analytique et suivi Budgétaire'),
('Service comptabilité Générale'),
('Service Comptabilité Générale et fiscalité'),
('Service Concassage'),
('Service Controle Qualité'),
('Service Electricité'),
('Service Entretien Général'),
('Service Entretien Matériel Roulant'),
('Service Etudes et Méthodes'),
('Service Expédition'),
('Service Exploiatation & Gestion. Mat. Premières'),
('Service Fabrication'),
('Service Facturation & Enlèvement'),
('Service Formation & Gestion des recrutements et emploi'),
('Service Fumisterie'),
('Service Gestion des compétences'),
('Service Gestion des Stocks'),
('Service Gestion réseau des ventes détail'),
('Service Informatique'),
('Service Intervention'),
('Service mécanique'),
('Service Mécanique et Chaudronnerie'),
('Service Oeuvres Sociales et Moyens Généreaux'),
('Service Process'),
('Service Programmation et gestion Clientèle'),
('Service Trésorerie'),
('Service Utilité'),
('Zone Ciment'),
('Zone Cru'),
('Zone Cuison');

-- --------------------------------------------------------

--
-- Table structure for table `structure`
--

CREATE TABLE `structure` (
  `Structure` varchar(255) DEFAULT NULL
) ENGINE=InnoDB DEFAULT CHARSET=utf8;

--
-- Dumping data for table `structure`
--

INSERT INTO `structure` (`Structure`) VALUES
('Approvisionnement'),
('Audit et Contrôle de gestion'),
('Automatisme'),
('Commerciale'),
('Développement'),
('Développement + Diverses Structures'),
('Diverses structures'),
('Diverses structures'),
('DRH'),
('DRH + Diverses structures'),
('Electricité'),
('Electricité/ HSE'),
('EMR'),
('EMR/Finance et Budget'),
('Etudes et Méthodes &Mécanique'),
('Fabrication'),
('Fabrication/Mécanique/ BEP/ EMR/Procès qualité/Appro.'),
('Fabrication/Mécanique/ BEP/Qualité'),
('Finance et Budget'),
('Finance et Budget + Auditeurs + Appro + DRH + Commerciale'),
('Informatique'),
('Mécanique'),
('Mécanique/ BEP/Fabrication'),
('Process et Qualité'),
('Production'),
('Production/ Qualité &Process'),
('Qualité, Hygiène, sécurité & Environnement'),
('Qualité, Hygiène, sécurité & Environnement/ Toutes structures');

-- --------------------------------------------------------

--
-- Table structure for table `suivi_actions`
--

CREATE TABLE `suivi_actions` (
  `N` int(11) NOT NULL,
  `N_Action` int(11) DEFAULT NULL,
  `Matricule` varchar(255) DEFAULT NULL,
  `Nom` varchar(255) DEFAULT NULL,
  `Prenom` varchar(255) DEFAULT NULL,
  `Fonction` varchar(255) DEFAULT NULL,
  `Direction_affectation` varchar(255) DEFAULT NULL,
  `Categorie` varchar(255) DEFAULT NULL,
  `Intitule_formation` varchar(255) DEFAULT NULL,
  `Date_debut` date DEFAULT NULL,
  `Date_fin` date DEFAULT NULL,
  `Cout_formation` int(11) DEFAULT NULL,
  `Nbre_jours` int(11) DEFAULT NULL,
  `Nbre_heures` int(11) DEFAULT NULL,
  `Type_formation` varchar(255) DEFAULT NULL,
  `Organisme_formation` varchar(255) DEFAULT NULL,
  `Lieu_formation` varchar(255) DEFAULT NULL,
  `Lieu_formation_2` varchar(255) DEFAULT NULL,
  `Type_formation_2` varchar(255) DEFAULT NULL,
  `Planification` enum('Planifié','Hors Plan') DEFAULT NULL,
  `Periode_valuation_froid` varchar(7) DEFAULT NULL,
  `Attestation_reçue` enum('Oui','Non') DEFAULT NULL,
  `Avis_evaluation_organisme` varchar(510) DEFAULT NULL,
  `Avis_retou_evaluation` varchar(510) DEFAULT NULL,
  `Action_evaluation_insufisante` varchar(510) DEFAULT NULL,
  `Prevision effectif` int(11) DEFAULT NULL,
  `Previson_cout` int(11) DEFAULT NULL,
  `Prevision_date_realisation` date DEFAULT NULL,
  `Prevision_Nbre_jours` int(11) DEFAULT NULL,
  `Prevision_Nbre_heures` int(11) DEFAULT NULL
) ENGINE=InnoDB DEFAULT CHARSET=utf8;

--
-- Dumping data for table `suivi_actions`
--

INSERT INTO `suivi_actions` (`N`, `N_Action`, `Matricule`, `Nom`, `Prenom`, `Fonction`, `Direction_affectation`, `Categorie`, `Intitule_formation`, `Date_debut`, `Date_fin`, `Cout_formation`, `Nbre_jours`, `Nbre_heures`, `Type_formation`, `Organisme_formation`, `Lieu_formation`, `Lieu_formation_2`, `Type_formation_2`, `Planification`, `Periode_valuation_froid`, `Attestation_reçue`, `Avis_evaluation_organisme`, `Avis_retou_evaluation`, `Action_evaluation_insufisante`, `Prevision effectif`, `Previson_cout`, `Prevision_date_realisation`, `Prevision_Nbre_jours`, `Prevision_Nbre_heures`) VALUES
(1, 37, '171', 'BOUKAROURA', 'ZOHEIR', 'CHEF DE DEPARTEMENT FINANCES ET BUDGET', 'Direction des Finances et Budget', 'Cadre', 'Loi de Finances 2019', '2019-01-06', '2019-01-06', 20000, 1, 6, 'Séminaire', 'CCI-SETIF', 'Hors entreprise', 'Externe', 'Management', 'Planifié', '03 Mois', 'Non', NULL, NULL, NULL, 15, 300000, '2019-01-01', 1, 90),
(2, 37, '125', 'SAFIDDINE', 'HANI', 'CHEF SERVICE GESTION DES STOCKS', 'Direction des Approvisionnements', 'Cadre', 'Loi de Finances 2019', '2019-01-06', '2019-01-06', 20000, 1, 6, 'Séminaire', 'CCI-SETIF', 'Hors entreprise', 'Externe', 'Management', 'Planifié', '03 Mois', 'Non', NULL, NULL, NULL, 15, 300000, '2019-01-01', 1, 90),
(3, 39, '874', 'HADIBI', 'MOHAMED', 'CHEF DE QUART PRODUCTION', 'Direction de Production', 'Cadre', 'Mise à niveau du personnel de production', '2019-01-06', '2019-01-24', 78093, 15, 90, 'Perfectionnement', 'CFIC', 'Intra-entreprise', 'CFIC', 'Technique', 'Planifié', '06 Mois', 'Non', NULL, NULL, NULL, 12, 1320000, '2019-09-01', 15, 1080),
(4, 39, '872', 'ZAOUAGA', 'HASNI', 'OPERATEUR SALLE DE CONTRÔLE', 'Direction de Production', 'Maitrise', 'Mise à niveau du personnel de production', '2019-01-06', '2019-01-24', 78093, 15, 90, 'Perfectionnement', 'CFIC', 'Intra-entreprise', 'CFIC', 'Technique', 'Planifié', '06 Mois', 'Non', NULL, NULL, NULL, 12, 1320000, '2019-09-01', 15, 1080),
(5, 39, '441', 'AMEROUCHE', 'AMAR', 'OPERATEUR SALLE DE CONTRÔLE', 'Direction de Production', 'Maitrise', 'Mise à niveau du personnel de production', '2019-01-06', '2019-01-24', 78093, 15, 90, 'Perfectionnement', 'CFIC', 'Intra-entreprise', 'CFIC', 'Technique', 'Planifié', '06 Mois', 'Oui', NULL, NULL, NULL, 12, 1320000, '2019-09-01', 15, 1080),
(6, 39, '1371', 'MESSAHLI', 'ABDELOUAHAB', 'CHEF SECTION PROCESS', 'Direction de Production', 'Cadre', 'Mise à niveau du personnel de production', '2019-01-06', '2019-01-24', 78093, 15, 90, 'Perfectionnement', 'CFIC', 'Intra-entreprise', 'CFIC', 'Technique', 'Planifié', '06 Mois', 'Oui', NULL, NULL, NULL, 12, 1320000, '2019-09-01', 15, 1080),
(7, 39, '440', 'ZAIDI', 'HAMZA', 'OPERATEUR SALLE DE CONTRÔLE', 'Direction de Production', 'Maitrise', 'Mise à niveau du personnel de production', '2019-01-06', '2019-01-24', 78093, 15, 90, 'Perfectionnement', 'CFIC', 'Intra-entreprise', 'CFIC', 'Technique', 'Planifié', '06 Mois', 'Oui', NULL, NULL, NULL, 12, 1320000, '2019-09-01', 15, 1080),
(8, 39, '442', 'SAI', 'TAREK', 'OPERATEUR SALLE DE CONTRÔLE', 'Direction de Production', 'Maitrise', 'Mise à niveau du personnel de production', '2019-01-06', '2019-01-24', 78093, 15, 90, 'Perfectionnement', 'CFIC', 'Intra-entreprise', 'CFIC', 'Technique', 'Planifié', '06 Mois', 'Oui', NULL, NULL, NULL, 12, 1320000, '2019-09-01', 15, 1080),
(9, 39, '1674', 'KOUCEM', 'HICHAM', 'RONDIER', 'Direction de Production', 'Maitrise', 'Mise à niveau du personnel de production', '2019-01-06', '2019-01-24', 78093, 15, 90, 'Perfectionnement', 'CFIC', 'Intra-entreprise', 'CFIC', 'Technique', 'Planifié', '06 Mois', 'Oui', NULL, NULL, NULL, 12, 1320000, '2019-09-01', 15, 1080),
(10, 39, '1665', 'KEDDAD', 'ZAHREDDINE', 'RONDIER', 'Direction de Production', 'Maitrise', 'Mise à niveau du personnel de production', '2019-01-06', '2019-01-24', 78093, 15, 90, 'Perfectionnement', 'CFIC', 'Intra-entreprise', 'CFIC', 'Technique', 'Planifié', '06 Mois', 'Oui', NULL, NULL, NULL, 12, 1320000, '2019-09-01', 15, 1080),
(11, 37, '1359', 'FERDJALLAH', 'DJAAFAR', 'CHEF SECTION COMPTABILITE ANALYTIQUE', 'Direction des Finances et Budget', 'Cadre', 'Loi de Finances 2019', '2019-01-08', '2019-01-08', 16000, 1, 6, 'Séminaire', 'MBI', 'Hors entreprise', 'Externe', 'Management', 'Planifié', '03 Mois', 'Oui', NULL, NULL, NULL, 15, 300000, '2019-01-01', 1, 90),
(12, 37, '2111', 'KHALED', 'FARES', 'CHEF SERVICE COMPTABILITE ANALYTIQUE', 'Direction des Finances et Budget', 'Cadre', 'Loi de Finances 2019', '2019-01-08', '2019-01-08', 16000, 1, 6, 'Séminaire', 'MBI', 'Hors entreprise', 'Externe', 'Management', 'Planifié', '03 Mois', 'Non', NULL, NULL, NULL, 15, 300000, '2019-01-01', 1, 90),
(13, 37, '114', 'KARKOUR', 'AHMED', 'CADRE D\'AUDIT', 'Direction Générale', 'Cadre', 'Loi de Finances 2019', '2019-01-08', '2019-01-08', 16000, 1, 6, 'Séminaire', 'MBI', 'Hors entreprise', 'Externe', 'Management', 'Planifié', '03 Mois', 'Non', NULL, NULL, NULL, 15, 300000, '2019-01-01', 1, 90),
(14, 37, '1383', 'BENADDAD', 'CHERIF', 'CADRE FINANCIER', 'Direction des Finances et Budget', 'Cadre', 'Loi de Finances 2019', '2019-01-08', '2019-01-08', 16000, 1, 6, 'Séminaire', 'MBI', 'Hors entreprise', 'Externe', 'Management', 'Planifié', '03 Mois', 'Oui', NULL, NULL, NULL, 15, 300000, '2019-01-01', 1, 90),
(15, 60, '880', 'DIB', 'RIADH', 'PREPARATEUR (ZONE CRU)', 'Direction de Production', 'Cadre', 'Permis de travail', '2019-01-08', '2019-01-08', 0, 1, 2, 'Sensibilisation', 'Sce HSE', 'Intra-entreprise', 'Interne', 'Sécurité', 'Hors Plan', '0', NULL, NULL, NULL, NULL, 0, 0, NULL, 0, 0),
(16, 60, '817', 'CHERGUI', 'MERAOUANE', 'SOUDEUR OP-I', 'Direction de Production', 'Execution', 'Permis de travail', '2019-01-08', '2019-01-08', 0, 1, 2, 'Sensibilisation', 'Sce HSE', 'Intra-entreprise', 'Interne', 'Sécurité', 'Hors Plan', '0', NULL, NULL, NULL, NULL, 0, 0, NULL, 0, 0),
(17, 60, '813', 'AYAD', 'RABAH', 'CHEF SECTION CRU', 'Direction de Production', 'Cadre', 'Permis de travail', '2019-01-08', '2019-01-08', 0, 1, 2, 'Sensibilisation', 'Sce HSE', 'Intra-entreprise', 'Interne', 'Sécurité', 'Hors Plan', '0', NULL, NULL, NULL, NULL, 0, 0, NULL, 0, 0),
(18, 60, '1229', 'LAMAMRA', 'RIDHA', 'MECANICIEN OHQ', 'Direction de Production', 'Maitrise', 'Permis de travail', '2019-01-08', '2019-01-08', 0, 1, 2, 'Sensibilisation', 'Sce HSE', 'Intra-entreprise', 'Interne', 'Sécurité', 'Hors Plan', '0', NULL, NULL, NULL, NULL, 0, 0, NULL, 0, 0),
(19, 60, '1234', 'CHIOUNE', 'BILEL', 'INGENIEUR EN MECANIQUE', 'Direction de Production', 'Cadre', 'Permis de travail', '2019-01-08', '2019-01-08', 0, 1, 2, 'Sensibilisation', 'Sce HSE', 'Intra-entreprise', 'Interne', 'Sécurité', 'Hors Plan', '0', NULL, NULL, NULL, NULL, 0, 0, NULL, 0, 0),
(20, 60, '1677', 'DJEMIAT', 'ABDELKRIM', 'INGENIEUR BEP(ZONE CRU)', 'Direction de Production', 'Cadre', 'Permis de travail', '2019-01-08', '2019-01-08', 0, 1, 2, 'Sensibilisation', 'Sce HSE', 'Intra-entreprise', 'Interne', 'Sécurité', 'Hors Plan', '0', NULL, NULL, NULL, NULL, 0, 0, NULL, 0, 0),
(21, 60, '457', 'BEN ZENOUNE', 'RACHID', 'MECANICIEN OP-II', 'Direction de Production', 'Maitrise', 'Permis de travail', '2019-01-10', '2019-01-10', 0, 1, 2, 'Sensibilisation', 'Sce HSE', 'Intra-entreprise', 'Interne', 'Sécurité', 'Hors Plan', '0', NULL, NULL, NULL, NULL, 0, 0, NULL, 0, 0),
(22, 60, '1253', 'BELKHIRI', 'AZZEDDINE', 'INGENIEUR EN MECANIQUE', 'Direction de Production', 'Cadre', 'Permis de travail', '2019-01-10', '2019-01-10', 0, 1, 2, 'Sensibilisation', 'Sce HSE', 'Intra-entreprise', 'Interne', 'Sécurité', 'Hors Plan', '0', NULL, NULL, NULL, NULL, 0, 0, NULL, 0, 0),
(23, 60, '832', 'DELLAL', 'NOUARI', 'CHEF SECTION MECANIQUE', 'Direction de Production', 'Cadre', 'Permis de travail', '2019-01-10', '2019-01-10', 0, 1, 2, 'Sensibilisation', 'Sce HSE', 'Intra-entreprise', 'Interne', 'Sécurité', 'Hors Plan', '0', NULL, NULL, NULL, NULL, 0, 0, NULL, 0, 0),
(24, 60, '816', 'RACHEDI', 'NOURI', 'TECHNICIEN EN MAINTENANCE', 'Direction de Production', 'Maitrise', 'Permis de travail', '2019-01-10', '2019-01-10', 0, 1, 2, 'Sensibilisation', 'Sce HSE', 'Intra-entreprise', 'Interne', 'Sécurité', 'Hors Plan', '0', NULL, NULL, NULL, NULL, 0, 0, NULL, 0, 0),
(25, 60, '846', 'BENZADI', 'KAMEL', 'TECHNICIEN EN MAINTENANCE', 'Direction de Production', 'Maitrise', 'Permis de travail', '2019-01-10', '2019-01-10', 0, 1, 2, 'Sensibilisation', 'Sce HSE', 'Intra-entreprise', 'Interne', 'Sécurité', 'Hors Plan', '0', NULL, NULL, NULL, NULL, 0, 0, NULL, 0, 0),
(26, 16, '1735', 'BOURIACHI', 'ADEL', 'AGENT ADMINISTRATIF (CTA)', 'Direction des Ressources Humaines', 'Maitrise', 'Management des ressources humaines', '2019-01-13', '2019-01-17', 125148, 5, 30, 'Formation', 'CFIC', 'Hors entreprise', 'CFIC', 'Management', 'Planifié', '6 Mois', 'Oui', NULL, NULL, NULL, 2, 200000, '2019-01-01', 5, 60),
(27, 16, '1343', 'AYAT', 'KHIRREDINE', 'AGENT ADMINISTRATIF (CORESPENDANT SOCIAL)', 'Direction des Ressources Humaines', 'Execution', 'Management des ressources humaines', '2019-01-13', '2019-01-17', 125148, 5, 30, 'Formation', 'CFIC', 'Hors entreprise', 'CFIC', 'Management', 'Planifié', '6 Mois', 'Oui', NULL, NULL, NULL, 2, 200000, '2019-01-01', 5, 60),
(28, 16, '1644', 'SAADAOUI', 'SAMIR', 'GESTIONNAIRE DU PAIE', 'Direction des Ressources Humaines', 'Maitrise', 'Management des ressources humaines', '2019-01-13', '2019-01-17', 125148, 5, 30, 'Formation', 'CFIC', 'Hors entreprise', 'CFIC', 'Management', 'Planifié', '6 Mois', 'Oui', NULL, NULL, NULL, 2, 200000, '2019-01-01', 5, 60),
(29, 62, '843', 'MADANI', 'NOUREDDINE', 'CHEF DE DEPARTEMENT FABRICATION', 'Direction de Production', 'Cadre', 'Journée technique - General Electric', '2019-01-14', '2019-01-14', 0, 1, 6, 'Séminaire', 'CFIC', 'Hors entreprise', 'CFIC', 'Technique', 'Hors Plan', '0', NULL, NULL, NULL, NULL, 0, 0, '2019-01-02', 0, 0),
(30, 62, '879', 'BECIR', 'FOUDIL', 'CHEF DE DEPARTEMENT MECANIQUE INDUSTRIELLE', 'Direction de Production', 'Cadre', 'Journée technique - General Electric', '2019-01-14', '2019-01-14', 0, 1, 6, 'Séminaire', 'CFIC', 'Hors entreprise', 'CFIC', 'Technique', 'Hors Plan', '0', NULL, NULL, NULL, NULL, 0, 0, '2019-01-02', 0, 0),
(31, 62, '858', 'HAMROUNI', 'RABIE', 'CHEF DES PROJET MECANIQUE', 'Direction de Développement', 'Cadre', 'Journée technique - General Electric', '2019-01-14', '2019-01-14', 0, 1, 6, 'Séminaire', 'CFIC', 'Hors entreprise', 'CFIC', 'Technique', 'Hors Plan', '0', NULL, NULL, NULL, NULL, 0, 0, '2019-01-02', 0, 0),
(32, 61, '1344', 'CHEKHCHOUKH', 'BOUBAKR ESSADDIQ', 'INGENIEUR EN INFORMATIQUE', 'Direction de Développement', 'Cadre', 'Sensibilisation sur l\'ERP', '2019-01-14', '2019-01-14', 0, 1, 6, 'Sensibilisation', 'Mr HARFOUCHE', 'Intra-entreprise', 'Interne', 'Management', 'Hors Plan', '0', NULL, NULL, NULL, NULL, 0, 0, '2019-01-01', 0, 0),
(33, 61, '171', 'BOUKAROURA', 'ZOHEIR', 'CHEF DE DEPARTEMENT FINANCES ET BUDGET', 'Direction des Finances et Budget', 'Cadre', 'Sensibilisation sur l\'ERP', '2019-01-14', '2019-01-14', 0, 1, 6, 'Sensibilisation', 'Mr HARFOUCHE', 'Intra-entreprise', 'Interne', 'Management', 'Hors Plan', '0', NULL, NULL, NULL, NULL, 0, 0, '2019-01-01', 0, 0),
(34, 61, '124', 'DIB', 'BADREDIN', 'ASSISTANT PDG NIV II CHARGÉ DE L\'AUDIT', 'Direction Générale', 'Cadre', 'Sensibilisation sur l\'ERP', '2019-01-14', '2019-01-14', 0, 1, 6, 'Sensibilisation', 'Mr HARFOUCHE', 'Intra-entreprise', 'Interne', 'Management', 'Hors Plan', '0', NULL, NULL, NULL, NULL, 0, 0, '2019-01-01', 0, 0),
(35, 61, '512', 'LEKDIM', 'MUSTAPHA', 'ASSISTANT PDG NIV. I', 'Direction Générale', 'Cadre', 'Sensibilisation sur l\'ERP', '2019-01-14', '2019-01-14', 0, 1, 6, 'Sensibilisation', 'Mr HARFOUCHE', 'Intra-entreprise', 'Interne', 'Management', 'Hors Plan', '0', NULL, NULL, NULL, NULL, 0, 0, '2019-01-01', 0, 0),
(36, 61, '15', 'LARBAOUI', 'EMBAREK', 'ASSISTANT PDG NIV. I', 'Direction Générale', 'Cadre', 'Sensibilisation sur l\'ERP', '2019-01-14', '2019-01-14', 0, 1, 6, 'Sensibilisation', 'Mr HARFOUCHE', 'Intra-entreprise', 'Interne', 'Management', 'Hors Plan', '0', NULL, NULL, NULL, NULL, 0, 0, '2019-01-01', 0, 0),
(37, 61, '844', 'BENLAKEHAL', 'RIDHA', 'CHEF DE DEPARTEMENT ELECTRICITE ET AUTOMATISME', 'Direction de Production', 'Cadre', 'Sensibilisation sur l\'ERP', '2019-01-14', '2019-01-14', 0, 1, 6, 'Sensibilisation', 'Mr HARFOUCHE', 'Intra-entreprise', 'Interne', 'Management', 'Hors Plan', '0', NULL, NULL, NULL, NULL, 0, 0, '2019-01-01', 0, 0),
(38, 61, '118', 'DAHEL', 'LAKHDAR', 'CHEF DE DEPARTEMENT COMMERCIAL', 'Diretion Commercial & Marketing', 'Cadre', 'Sensibilisation sur l\'ERP', '2019-01-14', '2019-01-14', 0, 1, 6, 'Sensibilisation', 'Mr HARFOUCHE', 'Intra-entreprise', 'Interne', 'Management', 'Hors Plan', '0', NULL, NULL, NULL, NULL, 0, 0, '2019-01-01', 0, 0),
(39, 61, '847', 'LEKOUGHET', 'MUSTAPHA', 'CHEF DE DEPARTEMENT ETUDES ET METHODES', 'Direction de Production', 'Cadre', 'Sensibilisation sur l\'ERP', '2019-01-14', '2019-01-14', 0, 1, 6, 'Sensibilisation', 'Mr HARFOUCHE', 'Intra-entreprise', 'Interne', 'Management', 'Hors Plan', '0', NULL, NULL, NULL, NULL, 0, 0, '2019-01-01', 0, 0),
(40, 61, '1342', 'DJERRAD', 'ABDELMOUMENE', 'ASSISTANT PDG NIV III CHARGÉ DU CONTRÔLE DE GESTION', 'Direction Générale', 'Cadre', 'Sensibilisation sur l\'ERP', '2019-01-14', '2019-01-14', 0, 1, 6, 'Sensibilisation', 'Mr HARFOUCHE', 'Intra-entreprise', 'Interne', 'Management', 'Hors Plan', '0', NULL, NULL, NULL, NULL, 0, 0, '2019-01-01', 0, 0),
(41, 61, '877', 'GHEDIA', 'BRAHIM', 'CHEF DE DEPARTEMENT PROCESS ,QUALITE ET ENVIRONNEMENT', 'Direction de Production', 'Cadre', 'Sensibilisation sur l\'ERP', '2019-01-14', '2019-01-14', 0, 1, 6, 'Sensibilisation', 'Mr HARFOUCHE', 'Intra-entreprise', 'Interne', 'Management', 'Hors Plan', '0', NULL, NULL, NULL, NULL, 0, 0, '2019-01-01', 0, 0),
(42, 61, '866', 'MERIKHI', 'DJALEL', 'CHEF DEPARTEMENT DES PROJETS', 'Direction de Développement', 'Cadre', 'Sensibilisation sur l\'ERP', '2019-01-14', '2019-01-14', 0, 1, 6, 'Sensibilisation', 'Mr HARFOUCHE', 'Intra-entreprise', 'Interne', 'Management', 'Hors Plan', '0', NULL, NULL, NULL, NULL, 0, 0, '2019-01-01', 0, 0),
(43, 61, '570', 'KHENTOUT', 'BOUDJEMA', 'TECHNICIEN EN INFORMATIQUE', 'Direction de Développement', 'Maitrise', 'Sensibilisation sur l\'ERP', '2019-01-14', '2019-01-14', 0, 1, 6, 'Sensibilisation', 'Mr HARFOUCHE', 'Intra-entreprise', 'Interne', 'Management', 'Hors Plan', '0', NULL, NULL, NULL, NULL, 0, 0, '2019-01-01', 0, 0),
(44, 61, '1575', 'BOUIMA', 'RIDHA', 'CHEF DE DEPARTEMENT ACHAT', 'Direction des Approvisionnements', 'Cadre', 'Sensibilisation sur l\'ERP', '2019-01-14', '2019-01-14', 0, 1, 6, 'Sensibilisation', 'Mr HARFOUCHE', 'Intra-entreprise', 'Interne', 'Management', 'Hors Plan', '0', NULL, NULL, NULL, NULL, 0, 0, '2019-01-01', 0, 0),
(45, 61, '1282', 'MELAB', 'BOUBAKEUR', 'CHEF DE DEPARTEMENT RESSOURCES HUMAINES', 'Direction des Ressources Humaines', 'Cadre', 'Sensibilisation sur l\'ERP', '2019-01-14', '2019-01-14', 0, 1, 6, 'Sensibilisation', 'Mr HARFOUCHE', 'Intra-entreprise', 'Interne', 'Management', 'Hors Plan', '0', NULL, NULL, NULL, NULL, 0, 0, '2019-01-01', 0, 0),
(46, 61, '878', 'BRAHIMI', 'AISSA', 'CHEF DE DEPARTEMENT MATIERES PREMIERES', 'Direction de Production', 'Cadre', 'Sensibilisation sur l\'ERP', '2019-01-14', '2019-01-14', 0, 1, 6, 'Sensibilisation', 'Mr HARFOUCHE', 'Intra-entreprise', 'Interne', 'Management', 'Hors Plan', '0', NULL, NULL, NULL, NULL, 0, 0, '2019-01-01', 0, 0),
(47, 61, '86', 'GHERIB', 'RABAH', 'Chef DPT technologie de l\'information et de la Communication', 'Direction de Développement', 'Cadre', 'Sensibilisation sur l\'ERP', '2019-01-14', '2019-01-14', 0, 1, 6, 'Sensibilisation', 'Mr HARFOUCHE', 'Intra-entreprise', 'Interne', 'Management', 'Hors Plan', '0', NULL, NULL, NULL, NULL, 0, 0, '2019-01-01', 0, 0),
(48, 60, '1249', 'BELATEL', 'MOHAMED', 'INGENIEUR EN MECANIQUE', 'Direction de Production', 'Cadre', 'Permis de travail', '2019-01-14', '2019-01-14', 0, 1, 2, 'Sensibilisation', 'Sce HSE', 'Intra-entreprise', 'Interne', 'Sécurité', 'Hors Plan', '0', NULL, NULL, NULL, NULL, 0, 0, NULL, 0, 0),
(49, 60, '1673', 'HAMDA', 'SELMANE', 'INGENIEUR BEP(ZONE CIMENT)', 'Direction de Production', 'Cadre', 'Permis de travail', '2019-01-14', '2019-01-14', 0, 1, 2, 'Sensibilisation', 'Sce HSE', 'Intra-entreprise', 'Interne', 'Sécurité', 'Hors Plan', '0', NULL, NULL, NULL, NULL, 0, 0, NULL, 0, 0),
(50, 60, '462', 'TOUIL', 'MUSTAPHA', 'MECANICIEN OP-II', 'Direction de Production', 'Execution', 'Permis de travail', '2019-01-14', '2019-01-14', 0, 1, 2, 'Sensibilisation', 'Sce HSE', 'Intra-entreprise', 'Interne', 'Sécurité', 'Hors Plan', '0', NULL, NULL, NULL, NULL, 0, 0, NULL, 0, 0),
(51, 60, '1675', 'MATARFI', 'KHALIL', 'CHEF DE SECTION ZONE CIMENT', 'Direction de Production', 'Cadre', 'Permis de travail', '2019-01-14', '2019-01-14', 0, 1, 2, 'Sensibilisation', 'Sce HSE', 'Intra-entreprise', 'Interne', 'Sécurité', 'Hors Plan', '0', NULL, NULL, NULL, NULL, 0, 0, NULL, 0, 0),
(52, 60, '465', 'MAMI', 'SEGHIR', 'MECANICIEN OP-II', 'Direction de Production', 'Execution', 'Permis de travail', '2019-01-14', '2019-01-14', 0, 1, 2, 'Sensibilisation', 'Sce HSE', 'Intra-entreprise', 'Interne', 'Sécurité', 'Hors Plan', '0', NULL, NULL, NULL, NULL, 0, 0, NULL, 0, 0),
(53, 60, '1589', 'BOUAROUR', 'REDOUANE', 'TECHNICIEN SUPERIEUR EN MECANIQUE', 'Direction de Production', 'Maitrise', 'Permis de travail', '2019-01-14', '2019-01-14', 0, 1, 2, 'Sensibilisation', 'Sce HSE', 'Intra-entreprise', 'Interne', 'Sécurité', 'Hors Plan', '0', NULL, NULL, NULL, NULL, 0, 0, NULL, 0, 0),
(54, 59, '22', 'DJAGHLOUF', 'KANZA', 'ASSISTANT DE DIRECTION', 'Direction Générale', 'Maitrise', 'Vulgarisation du manuel de passation des marchés de la SCAEK', '2019-01-16', '2019-01-17', 0, 2, 12, 'Formation', 'Mr AICHOUR', 'Intra-entreprise', 'Interne', 'Management', 'Hors Plan', '0', NULL, NULL, NULL, NULL, 0, 0, '2019-01-01', 0, 0),
(55, 59, '529', 'TOUAFEK', 'MOHAMED', 'CHEF SERVICE FABRICATION', 'Direction de Production', 'Cadre', 'Vulgarisation du manuel de passation des marchés de la SCAEK', '2019-01-16', '2019-01-17', 0, 2, 12, 'Formation', 'Mr AICHOUR', 'Intra-entreprise', 'Interne', 'Management', 'Hors Plan', '0', NULL, NULL, NULL, NULL, 0, 0, '2019-01-01', 0, 0),
(56, 59, '87', 'ZABOUR', 'LYES', 'CHEF SERVICE GESTION DU PERSONNEL', 'Direction des Ressources Humaines', 'Cadre', 'Vulgarisation du manuel de passation des marchés de la SCAEK', '2019-01-16', '2019-01-17', 0, 2, 12, 'Formation', 'Mr AICHOUR', 'Intra-entreprise', 'Interne', 'Management', 'Hors Plan', '0', NULL, NULL, NULL, NULL, 0, 0, '2019-01-01', 0, 0),
(57, 59, '387', 'AMOUKIES', 'ZOHIR', 'CHEF SERVICE MATERIEL ROULANTS', 'Direction de Production', 'Cadre', 'Vulgarisation du manuel de passation des marchés de la SCAEK', '2019-01-16', '2019-01-17', 0, 2, 12, 'Formation', 'Mr AICHOUR', 'Intra-entreprise', 'Interne', 'Management', 'Hors Plan', '0', NULL, NULL, NULL, NULL, 0, 0, '2019-01-01', 0, 0),
(58, 59, '125', 'SAFIDDINE', 'HANI', 'CHEF SERVICE GESTION DES STOCKS', 'Direction des Approvisionnements', 'Cadre', 'Vulgarisation du manuel de passation des marchés de la SCAEK', '2019-01-16', '2019-01-17', 0, 2, 12, 'Formation', 'Mr AICHOUR', 'Intra-entreprise', 'Interne', 'Management', 'Hors Plan', '0', NULL, NULL, NULL, NULL, 0, 0, '2019-01-01', 0, 0),
(59, 59, '843', 'MADANI', 'NOUREDDINE', 'CHEF DE DEPARTEMENT FABRICATION', 'Direction de Production', 'Cadre', 'Vulgarisation du manuel de passation des marchés de la SCAEK', '2019-01-16', '2019-01-17', 0, 2, 12, 'Formation', 'Mr AICHOUR', 'Intra-entreprise', 'Interne', 'Management', 'Hors Plan', '0', NULL, NULL, NULL, NULL, 0, 0, '2019-01-01', 0, 0),
(60, 59, '847', 'LEKOUGHET', 'MUSTAPHA', 'CHEF DE DEPARTEMENT ETUDES ET METHODES', 'Direction de Production', 'Cadre', 'Vulgarisation du manuel de passation des marchés de la SCAEK', '2019-01-16', '2019-01-17', 0, 2, 12, 'Formation', 'Mr AICHOUR', 'Intra-entreprise', 'Interne', 'Management', 'Hors Plan', '0', NULL, NULL, NULL, NULL, 0, 0, '2019-01-01', 0, 0),
(61, 59, '114', 'KARKOUR', 'AHMED', 'CADRE D\'AUDIT', 'Direction Générale', 'Cadre', 'Vulgarisation du manuel de passation des marchés de la SCAEK', '2019-01-16', '2019-01-17', 0, 2, 12, 'Formation', 'Mr AICHOUR', 'Intra-entreprise', 'Interne', 'Management', 'Hors Plan', '0', NULL, NULL, NULL, NULL, 0, 0, '2019-01-01', 0, 0),
(62, 59, '1603', 'MOUSLI', 'DJAMEL', 'INGENIEUR EN ELECTRONIQUE', 'Direction de Production', 'Cadre', 'Vulgarisation du manuel de passation des marchés de la SCAEK', '2019-01-16', '2019-01-17', 0, 2, 12, 'Formation', 'Mr AICHOUR', 'Intra-entreprise', 'Interne', 'Management', 'Hors Plan', '0', NULL, NULL, NULL, NULL, 0, 0, '2019-01-01', 0, 0),
(63, 59, '516', 'DJOUDI', 'ALI', 'CHEF SERVICE EXPEDITION', 'Direction de Production', 'Cadre', 'Vulgarisation du manuel de passation des marchés de la SCAEK', '2019-01-16', '2019-01-17', 0, 2, 12, 'Formation', 'Mr AICHOUR', 'Intra-entreprise', 'Interne', 'Management', 'Hors Plan', '0', NULL, NULL, NULL, NULL, 0, 0, '2019-01-01', 0, 0),
(64, 59, '188', 'AGGOUN', 'SMAIL', 'CHEF DE DEPARTEMENT COMMERCIAL', 'Diretion Commercial & Marketing', 'Cadre', 'Vulgarisation du manuel de passation des marchés de la SCAEK', '2019-01-16', '2019-01-17', 0, 2, 12, 'Formation', 'Mr AICHOUR', 'Intra-entreprise', 'Interne', 'Management', 'Hors Plan', '0', NULL, NULL, NULL, NULL, 0, 0, '2019-01-01', 0, 0),
(65, 59, '878', 'BRAHIMI', 'AISSA', 'CHEF DE DEPARTEMENT MATIERES PREMIERES', 'Direction de Production', 'Cadre', 'Vulgarisation du manuel de passation des marchés de la SCAEK', '2019-01-16', '2019-01-17', 0, 2, 12, 'Formation', 'Mr AICHOUR', 'Intra-entreprise', 'Interne', 'Management', 'Hors Plan', '0', NULL, NULL, NULL, NULL, 0, 0, '2019-01-01', 0, 0),
(66, 59, '1330', 'BOUOUDINA', 'SOFIANE', 'CHEF SERVICE FINANCE ET TRÉSORIER', 'Direction des Finances et Budget', 'Cadre', 'Vulgarisation du manuel de passation des marchés de la SCAEK', '2019-01-16', '2019-01-17', 0, 2, 12, 'Formation', 'Mr AICHOUR', 'Intra-entreprise', 'Interne', 'Management', 'Hors Plan', '0', NULL, NULL, NULL, NULL, 0, 0, '2019-01-01', 0, 0),
(67, 59, '1575', 'BOUIMA', 'RIDHA', 'CHEF DE DEPARTEMENT ACHAT', 'Direction des Approvisionnements', 'Cadre', 'Vulgarisation du manuel de passation des marchés de la SCAEK', '2019-01-16', '2019-01-17', 0, 2, 12, 'Formation', 'Mr AICHOUR', 'Intra-entreprise', 'Interne', 'Management', 'Hors Plan', '0', NULL, NULL, NULL, NULL, 0, 0, '2019-01-01', 0, 0),
(68, 59, '866', 'MERIKHI', 'DJALEL', 'CHEF DEPARTEMENT DES PROJETS', 'Direction de Développement', 'Cadre', 'Vulgarisation du manuel de passation des marchés de la SCAEK', '2019-01-16', '2019-01-17', 0, 2, 12, 'Formation', 'Mr AICHOUR', 'Intra-entreprise', 'Interne', 'Management', 'Hors Plan', '0', NULL, NULL, NULL, NULL, 0, 0, '2019-01-01', 0, 0),
(69, 59, '879', 'BECIR', 'FOUDIL', 'CHEF DE DEPARTEMENT MECANIQUE INDUSTRIELLE', 'Direction de Production', 'Cadre', 'Vulgarisation du manuel de passation des marchés de la SCAEK', '2019-01-16', '2019-01-17', 0, 2, 12, 'Formation', 'Mr AICHOUR', 'Intra-entreprise', 'Interne', 'Management', 'Hors Plan', '0', NULL, NULL, NULL, NULL, 0, 0, '2019-01-01', 0, 0),
(70, 59, '1608', 'KHENNOUF', 'SALAH', 'CHEF SECTION ACHATS', 'Direction des Approvisionnements', 'Maitrise', 'Vulgarisation du manuel de passation des marchés de la SCAEK', '2019-01-16', '2019-01-17', 0, 2, 12, 'Formation', 'Mr AICHOUR', 'Intra-entreprise', 'Interne', 'Management', 'Hors Plan', '0', NULL, NULL, NULL, NULL, 0, 0, '2019-01-01', 0, 0),
(71, 59, '1595', 'AMEUR', 'NACIR', 'CHEF SECTION CHARGE DE VENTE', 'Diretion Commercial & Marketing', 'Maitrise', 'Vulgarisation du manuel de passation des marchés de la SCAEK', '2019-01-16', '2019-01-17', 0, 2, 12, 'Formation', 'Mr AICHOUR', 'Intra-entreprise', 'Interne', 'Management', 'Hors Plan', '0', NULL, NULL, NULL, NULL, 0, 0, '2019-01-01', 0, 0),
(72, 59, '844', 'BENLAKEHAL', 'RIDHA', 'CHEF DE DEPARTEMENT ELECTRICITE ET AUTOMATISME', 'Direction de Production', 'Cadre', 'Vulgarisation du manuel de passation des marchés de la SCAEK', '2019-01-16', '2019-01-17', 0, 2, 12, 'Formation', 'Mr AICHOUR', 'Intra-entreprise', 'Interne', 'Management', 'Hors Plan', '0', NULL, NULL, NULL, NULL, 0, 0, '2019-01-01', 0, 0),
(73, 59, '858', 'HAMROUNI', 'RABIE', 'CHEF DES PROJET MECANIQUE', 'Direction de Développement', 'Cadre', 'Vulgarisation du manuel de passation des marchés de la SCAEK', '2019-01-16', '2019-01-17', 0, 2, 12, 'Formation', 'Mr AICHOUR', 'Intra-entreprise', 'Interne', 'Management', 'Hors Plan', '0', NULL, NULL, NULL, NULL, 0, 0, '2019-01-01', 0, 0),
(74, 59, '1592', 'HENOUZE', 'RIAD', 'INGENIEUR DE SYSTEME', 'Direction de Production', 'Cadre', 'Vulgarisation du manuel de passation des marchés de la SCAEK', '2019-01-16', '2019-01-17', 0, 2, 12, 'Formation', 'Mr AICHOUR', 'Intra-entreprise', 'Interne', 'Management', 'Hors Plan', '0', NULL, NULL, NULL, NULL, 0, 0, '2019-01-01', 0, 0),
(75, 59, '1605', 'DOUIDA', 'ABDERRAHMANE', 'INGENIEUR EN ELECTROTECHNIQUE', 'Direction de Production', 'Cadre', 'Vulgarisation du manuel de passation des marchés de la SCAEK', '2019-01-16', '2019-01-17', 0, 2, 12, 'Formation', 'Mr AICHOUR', 'Intra-entreprise', 'Interne', 'Management', 'Hors Plan', '0', NULL, NULL, NULL, NULL, 0, 0, '2019-01-01', 0, 0),
(76, 37, '1575', 'BOUIMA', 'RIDHA', 'CHEF DE DEPARTEMENT ACHAT', 'Direction des Approvisionnements', 'Cadre', 'Loi de Finances 2019', '2019-01-17', '2019-01-17', 15000, 1, 6, 'Séminaire', 'AL RACHAD', 'Hors entreprise', 'Externe', 'Management', 'Planifié', '03 Mois', 'Oui', NULL, NULL, NULL, 15, 300000, '2019-01-01', 1, 90),
(77, 37, '1282', 'MELAB', 'BOUBAKEUR', 'CHEF DE DEPARTEMENT RESSOURCES HUMAINES', 'Direction des Ressources Humaines', 'Cadre', 'Loi de Finances 2019', '2019-01-17', '2019-01-17', 15000, 1, 6, 'Séminaire', 'AL RACHAD', 'Hors entreprise', 'Externe', 'Management', 'Planifié', '03 Mois', 'Oui', NULL, NULL, NULL, 15, 300000, '2019-01-01', 1, 90),
(78, 37, '188', 'AGGOUN', 'SMAIL', 'CHEF DE DEPARTEMENT COMMERCIAL', 'Diretion Commercial & Marketing', 'Cadre', 'Loi de Finances 2019', '2019-01-17', '2019-01-17', 15000, 1, 6, 'Séminaire', 'AL RACHAD', 'Hors entreprise', 'Externe', 'Management', 'Planifié', '03 Mois', 'Oui', NULL, NULL, NULL, 15, 300000, '2019-01-01', 1, 90),
(79, 37, '760', 'BOUCHAAR', 'BILLAL', 'COMPTABLE', 'Direction des Finances et Budget', 'Maitrise', 'Loi de Finances 2019', '2019-01-17', '2019-01-17', 15000, 1, 6, 'Séminaire', 'AL RACHAD', 'Hors entreprise', 'Externe', 'Management', 'Planifié', '03 Mois', 'Oui', NULL, NULL, NULL, 15, 300000, '2019-01-01', 1, 90),
(80, 60, '1642', 'ZERROUK', 'TAREK', 'TECHNICIEN SUPERIEUR EN ELECTROTECHNIQUE', 'Direction de Production', 'Maitrise', 'Permis de travail', '2019-01-17', '2019-01-17', 0, 1, 2, 'Sensibilisation', 'Sce HSE', 'Intra-entreprise', 'Interne', 'Sécurité', 'Hors Plan', '0', NULL, NULL, NULL, NULL, 0, 0, NULL, 0, 0),
(81, 60, '1348', 'OUNOUGHI', 'ABDERRAZAK', 'CONTREMAITRE', 'Direction de Production', 'Maitrise', 'Permis de travail', '2019-01-17', '2019-01-17', 0, 1, 2, 'Sensibilisation', 'Sce HSE', 'Intra-entreprise', 'Interne', 'Sécurité', 'Hors Plan', '0', NULL, NULL, NULL, NULL, 0, 0, NULL, 0, 0),
(82, 60, '1604', 'GRAIRI', 'AMMAR', 'CHEF SERVICE EXPEDITION', 'Direction de Production', 'Cadre', 'Permis de travail', '2019-01-17', '2019-01-17', 0, 1, 2, 'Sensibilisation', 'Sce HSE', 'Intra-entreprise', 'Interne', 'Sécurité', 'Hors Plan', '0', NULL, NULL, NULL, NULL, 0, 0, NULL, 0, 0),
(83, 60, '1717', 'BAZA', 'ABDESSAMED', 'TECHNICIEN EN ELECTRICITE', 'Direction de Production', 'Maitrise', 'Permis de travail', '2019-01-17', '2019-01-17', 0, 1, 2, 'Sensibilisation', 'Sce HSE', 'Intra-entreprise', 'Interne', 'Sécurité', 'Hors Plan', '0', NULL, NULL, NULL, NULL, 0, 0, NULL, 0, 0),
(84, 30, '752', 'BENSEGHIR', 'ABEDELOUAHAB', 'CHEF DE ZONE CUISON (P/I)', 'Direction de Production', 'Cadre', 'Elaboration des rapports techniques', '2019-01-20', '2019-01-24', 85184, 5, 30, 'Perfectionnement', 'CFIC', 'Hors entreprise', 'CFIC', 'Management', 'Planifié', '03 Mois', 'Oui', NULL, NULL, NULL, 6, 600000, '2019-03-01', 5, 180),
(85, 30, '841', 'KOUCHIT', 'HASSAN', 'CHEF DE ZONE CRU', 'Direction de Production', 'Cadre', 'Elaboration des rapports techniques', '2019-01-20', '2019-01-24', 85184, 5, 30, 'Perfectionnement', 'CFIC', 'Hors entreprise', 'CFIC', 'Management', 'Planifié', '03 Mois', 'Oui', NULL, NULL, NULL, 6, 600000, '2019-03-01', 5, 180),
(86, 30, '834', 'LIAMINI', 'CHOUAIB', 'PREPARATEUR UTILITE', 'Direction de Production', 'Cadre', 'Elaboration des rapports techniques', '2019-01-20', '2019-01-24', 85184, 5, 30, 'Perfectionnement', 'CFIC', 'Hors entreprise', 'CFIC', 'Management', 'Planifié', '03 Mois', 'Oui', NULL, NULL, NULL, 6, 600000, '2019-03-01', 5, 180),
(87, 30, '1559', 'BOUSSAFSAF', 'WALID', 'Ingenieur en mécanique industriel', 'Direction de Production', 'Cadre', 'Elaboration des rapports techniques', '2019-01-20', '2019-01-24', 85184, 5, 30, 'Perfectionnement', 'CFIC', 'Hors entreprise', 'CFIC', 'Management', 'Planifié', '03 Mois', 'Oui', NULL, NULL, NULL, 6, 600000, '2019-03-01', 5, 180),
(88, 30, '1606', 'HESSAD', 'MOHAMMED AMINE', 'COORDINATEUR POSTE', 'Direction de Production', 'Cadre', 'Elaboration des rapports techniques', '2019-01-20', '2019-01-24', 85184, 5, 30, 'Perfectionnement', 'CFIC', 'Hors entreprise', 'CFIC', 'Management', 'Planifié', '03 Mois', 'Oui', NULL, NULL, NULL, 6, 600000, '2019-03-01', 5, 180),
(89, 30, '1592', 'HENOUZE', 'RIAD', 'INGENIEUR DE SYSTEME', 'Direction de Production', 'Cadre', 'Elaboration des rapports techniques', '2019-01-20', '2019-01-24', 85184, 5, 30, 'Perfectionnement', 'CFIC', 'Hors entreprise', 'CFIC', 'Management', 'Planifié', '03 Mois', 'Oui', NULL, NULL, NULL, 6, 600000, '2019-03-01', 5, 180),
(90, 8, '1595', 'AMEUR', 'NACIR', 'CHEF SECTION CHARGE DE VENTE', 'Diretion Commercial & Marketing', 'Maitrise', 'Commerce international et technique d\'exportation', '2019-01-20', '2019-01-24', 77151, 5, 30, 'Formation', 'CFIC', 'Hors entreprise', 'CFIC', 'Management', 'Planifié', '03 Mois', 'Oui', NULL, NULL, NULL, 3, 300000, '2019-01-01', 5, 90),
(91, 37, '1330', 'BOUOUDINA', 'SOFIANE', 'CHEF SERVICE FINANCE ET TRÉSORIER', 'Direction des Finances et Budget', 'Cadre', 'Loi de Finances 2019', '2019-01-21', '2019-01-21', 26477, 1, 6, 'Séminaire', 'CFIC', 'Hors entreprise', 'CFIC', 'Management', 'Planifié', '03 Mois', 'Oui', NULL, NULL, NULL, 15, 300000, '2019-01-01', 1, 90),
(92, 37, '1599', 'FOUDI', 'KHALED', 'CHEF SERVICE COMPTABILITE GENERALE', 'Direction des Finances et Budget', 'Cadre', 'Loi de Finances 2019', '2019-01-21', '2019-01-21', 26477, 1, 6, 'Séminaire', 'CFIC', 'Hors entreprise', 'CFIC', 'Management', 'Planifié', '03 Mois', 'Oui', NULL, NULL, NULL, 15, 300000, '2019-01-01', 1, 90),
(93, 37, '121', 'HIZIR', 'ALI', 'CHEF SECTION COMPTABILITE GENERALE', 'Direction des Finances et Budget', 'Maitrise', 'Loi de Finances 2019', '2019-01-21', '2019-01-21', 26477, 1, 6, 'Séminaire', 'CFIC', 'Hors entreprise', 'CFIC', 'Management', 'Planifié', '03 Mois', 'Oui', NULL, NULL, NULL, 15, 300000, '2019-01-01', 1, 90),
(94, 37, '1547', 'LAMECHE', 'LEMNAOUER', 'DECLARANT EN DOUANE', 'Direction des Approvisionnements', 'Maitrise', 'Loi de Finances 2019', '2019-01-21', '2019-01-21', 26477, 1, 6, 'Séminaire', 'CFIC', 'Hors entreprise', 'CFIC', 'Management', 'Planifié', '03 Mois', 'Oui', NULL, NULL, NULL, 15, 300000, '2019-01-01', 1, 90),
(95, 11, '195', 'KERKOUR', 'ABDELAZIZ', 'CHEF SECTION PROGRAMMATION', 'Diretion Commercial & Marketing', 'Maitrise', 'Management de la relation client', '2019-01-22', '2019-01-24', 63248, 3, 18, 'Formation', 'CFIC', 'Hors entreprise', 'CFIC', 'Management', 'Planifié', '03 Mois', 'Oui', NULL, NULL, NULL, 2, 170000, '2019-09-01', 3, 36),
(96, 11, '194', 'GHEBACHE', 'HICHEM', 'CHEF SECTION CHARGE DE VENTE', 'Diretion Commercial & Marketing', 'Maitrise', 'Management de la relation client', '2019-01-22', '2019-01-24', 63248, 3, 18, 'Formation', 'CFIC', 'Hors entreprise', 'CFIC', 'Management', 'Planifié', '03 Mois', 'Oui', NULL, NULL, NULL, 2, 170000, '2019-09-01', 3, 36),
(97, 11, '1201', 'ZEDADKA', 'AMMAR', 'AGENT COMMERCIAL', 'Diretion Commercial & Marketing', 'Execution', 'Management de la relation client', '2019-01-22', '2019-01-24', 63248, 3, 18, 'Formation', 'CFIC', 'Hors entreprise', 'CFIC', 'Management', 'Planifié', '03 Mois', 'Oui', NULL, NULL, NULL, 2, 170000, '2019-09-01', 3, 36),
(98, 11, '1601', 'AIT ALI SLIMANE', 'RAZKI', 'MAGASINIER', 'Diretion Commercial & Marketing', 'Execution', 'Management de la relation client', '2019-01-22', '2019-01-24', 63248, 3, 18, 'Formation', 'CFIC', 'Hors entreprise', 'CFIC', 'Management', 'Planifié', '03 Mois', 'Oui', NULL, NULL, NULL, 2, 170000, '2019-09-01', 3, 36),
(99, 64, '843', 'MADANI', 'NOUREDDINE', 'CHEF DE DEPARTEMENT FABRICATION', 'Direction de Production', 'Cadre', 'Journée technique - ITECA', '2019-01-28', '2019-01-28', 0, 1, 6, 'Séminaire', 'CFIC', 'Hors entreprise', 'CFIC', 'Technique', 'Hors Plan', '0', NULL, NULL, NULL, NULL, 0, 0, '2019-01-04', 0, 0),
(100, 61, '87', 'ZABOUR', 'LYES', 'CHEF SERVICE GESTION DU PERSONNEL', 'Direction des Ressources Humaines', 'Cadre', 'Sensibilisation sur l\'ERP', '2019-01-29', '2019-01-29', 0, 1, 6, 'Sensibilisation', 'Mr HARFOUCHE', 'Intra-entreprise', 'Interne', 'Management', 'Hors Plan', '0', NULL, NULL, NULL, NULL, 0, 0, '2019-01-01', 0, 0),
(101, 61, '188', 'AGGOUN', 'SMAIL', 'CHEF DE DEPARTEMENT COMMERCIAL', 'Diretion Commercial & Marketing', 'Cadre', 'Sensibilisation sur l\'ERP', '2019-01-29', '2019-01-29', 0, 1, 6, 'Sensibilisation', 'Mr HARFOUCHE', 'Intra-entreprise', 'Interne', 'Management', 'Hors Plan', '0', NULL, NULL, NULL, NULL, 0, 0, '2019-01-01', 0, 0),
(102, 61, '1561', 'DRIAS', 'YASSINE', 'CHEF SERVICE UTILITE', 'Direction de Production', 'Cadre', 'Sensibilisation sur l\'ERP', '2019-01-29', '2019-01-29', 0, 1, 6, 'Sensibilisation', 'Mr HARFOUCHE', 'Intra-entreprise', 'Interne', 'Management', 'Hors Plan', '0', NULL, NULL, NULL, NULL, 0, 0, '2019-01-01', 0, 0),
(103, 61, '509', 'BOUGHELALA', 'ALI', 'CHEF SERVICE CONTROLE QUALITE', 'Direction de Production', 'Cadre', 'Sensibilisation sur l\'ERP', '2019-01-29', '2019-01-29', 0, 1, 6, 'Sensibilisation', 'Mr HARFOUCHE', 'Intra-entreprise', 'Interne', 'Management', 'Hors Plan', '0', NULL, NULL, NULL, NULL, 0, 0, '2019-01-01', 0, 0),
(104, 61, '829', 'KADEM', 'LAID', 'CHEF SERVICE ELECTRICITE P/I', 'Direction de Production', 'Cadre', 'Sensibilisation sur l\'ERP', '2019-01-29', '2019-01-29', 0, 1, 6, 'Sensibilisation', 'Mr HARFOUCHE', 'Intra-entreprise', 'Interne', 'Management', 'Hors Plan', '0', NULL, NULL, NULL, NULL, 0, 0, '2019-01-01', 0, 0),
(105, 61, '1604', 'GRAIRI', 'AMMAR', 'CHEF SERVICE EXPEDITION', 'Direction de Production', 'Cadre', 'Sensibilisation sur l\'ERP', '2019-01-29', '2019-01-29', 0, 1, 6, 'Sensibilisation', 'Mr HARFOUCHE', 'Intra-entreprise', 'Interne', 'Management', 'Hors Plan', '0', NULL, NULL, NULL, NULL, 0, 0, '2019-01-01', 0, 0),
(106, 61, '845', 'ADJISSI', 'FOUED', 'CHEF DEPARTEMENT ELECTRICITE P/I', 'Direction de Production', 'Cadre', 'Sensibilisation sur l\'ERP', '2019-01-29', '2019-01-29', 0, 1, 6, 'Sensibilisation', 'Mr HARFOUCHE', 'Intra-entreprise', 'Interne', 'Management', 'Hors Plan', '0', NULL, NULL, NULL, NULL, 0, 0, '2019-01-01', 0, 0),
(107, 61, '169', 'MESSAHLI', 'ABDELMALEK', 'CHEF SERVICE PROGRAMATION ET VENTES', 'Diretion Commercial & Marketing', 'Cadre', 'Sensibilisation sur l\'ERP', '2019-01-29', '2019-01-29', 0, 1, 6, 'Sensibilisation', 'Mr HARFOUCHE', 'Intra-entreprise', 'Interne', 'Management', 'Hors Plan', '0', NULL, NULL, NULL, NULL, 0, 0, '2019-01-01', 0, 0),
(108, 61, '387', 'AMOUKIES', 'ZOHIR', 'CHEF SERVICE MATERIEL ROULANTS', 'Direction de Production', 'Cadre', 'Sensibilisation sur l\'ERP', '2019-01-29', '2019-01-29', 0, 1, 6, 'Sensibilisation', 'Mr HARFOUCHE', 'Intra-entreprise', 'Interne', 'Management', 'Hors Plan', '0', NULL, NULL, NULL, NULL, 0, 0, '2019-01-01', 0, 0),
(109, 61, '1330', 'BOUOUDINA', 'SOFIANE', 'CHEF SERVICE FINANCE ET TRÉSORIER', 'Direction des Finances et Budget', 'Cadre', 'Sensibilisation sur l\'ERP', '2019-01-29', '2019-01-29', 0, 1, 6, 'Sensibilisation', 'Mr HARFOUCHE', 'Intra-entreprise', 'Interne', 'Management', 'Hors Plan', '0', NULL, NULL, NULL, NULL, 0, 0, '2019-01-01', 0, 0),
(110, 61, '2111', 'KHALED', 'FARES', 'CHEF SERVICE COMPTABILITE ANALYTIQUE', 'Direction des Finances et Budget', 'Cadre', 'Sensibilisation sur l\'ERP', '2019-01-29', '2019-01-29', 0, 1, 6, 'Sensibilisation', 'Mr HARFOUCHE', 'Intra-entreprise', 'Interne', 'Management', 'Hors Plan', '0', NULL, NULL, NULL, NULL, 0, 0, '2019-01-01', 0, 0),
(111, 61, '1615', 'ADJIMI', 'YOUCEF', 'CHEF SERVICE ACHATS', 'Direction des Approvisionnements', 'Cadre', 'Sensibilisation sur l\'ERP', '2019-01-29', '2019-01-29', 0, 1, 6, 'Sensibilisation', 'Mr HARFOUCHE', 'Intra-entreprise', 'Interne', 'Management', 'Hors Plan', '0', NULL, NULL, NULL, NULL, 0, 0, '2019-01-01', 0, 0),
(112, 61, '513', 'BELARBI', 'KOUIDER', 'CHEF SERVICE CONTROLE QUALITE', 'Direction de Production', 'Cadre', 'Sensibilisation sur l\'ERP', '2019-01-29', '2019-01-29', 0, 1, 6, 'Sensibilisation', 'Mr HARFOUCHE', 'Intra-entreprise', 'Interne', 'Management', 'Hors Plan', '0', NULL, NULL, NULL, NULL, 0, 0, '2019-01-01', 0, 0),
(113, 61, '529', 'TOUAFEK', 'MOHAMED', 'CHEF SERVICE FABRICATION', 'Direction de Production', 'Cadre', 'Sensibilisation sur l\'ERP', '2019-01-29', '2019-01-29', 0, 1, 6, 'Sensibilisation', 'Mr HARFOUCHE', 'Intra-entreprise', 'Interne', 'Management', 'Hors Plan', '0', NULL, NULL, NULL, NULL, 0, 0, '2019-01-01', 0, 0),
(114, 61, '920', 'BOUSSA', 'SALIM', 'CHEF SERVICE INTERVENTION (SECU & ENVIR)', 'Direction de Développement Durable & Sécurité', 'Cadre', 'Sensibilisation sur l\'ERP', '2019-01-29', '2019-01-29', 0, 1, 6, 'Sensibilisation', 'Mr HARFOUCHE', 'Intra-entreprise', 'Interne', 'Management', 'Hors Plan', '0', NULL, NULL, NULL, NULL, 0, 0, '2019-01-01', 0, 0),
(115, 61, '110', 'TAMINE', 'MOKHTAR', 'CHEF SERVICE SOCIAL ET MGX', 'Direction des Ressources Humaines', 'Cadre', 'Sensibilisation sur l\'ERP', '2019-01-29', '2019-01-29', 0, 1, 6, 'Sensibilisation', 'Mr HARFOUCHE', 'Intra-entreprise', 'Interne', 'Management', 'Hors Plan', '0', NULL, NULL, NULL, NULL, 0, 0, '2019-01-01', 0, 0),
(116, 61, '836', 'BOUMAKHLOUF', 'MABROUK', 'CHEF SERVICE PROCESS', 'Direction de Production', 'Cadre', 'Sensibilisation sur l\'ERP', '2019-01-29', '2019-01-29', 0, 1, 6, 'Sensibilisation', 'Mr HARFOUCHE', 'Intra-entreprise', 'Interne', 'Management', 'Hors Plan', '0', NULL, NULL, NULL, NULL, 0, 0, '2019-01-01', 0, 0),
(117, 61, '865', 'MEZLI', 'ZIAD', 'CHEF SERVICE MECANIQUE', 'Direction de Production', 'Cadre', 'Sensibilisation sur l\'ERP', '2019-01-29', '2019-01-29', 0, 1, 6, 'Sensibilisation', 'Mr HARFOUCHE', 'Intra-entreprise', 'Interne', 'Management', 'Hors Plan', '0', NULL, NULL, NULL, NULL, 0, 0, '2019-01-01', 0, 0),
(118, 63, '1344', 'CHEKHCHOUKH', 'BOUBAKR ESSADDIQ', 'INGENIEUR EN INFORMATIQUE', 'Direction de Développement', 'Cadre', 'La protection des systèmes industriels', '2019-01-29', '2019-01-29', 0, 1, 6, 'Séminaire', 'Kaspersky Lab', 'Hors entreprise', 'Externe', 'Technique', 'Hors Plan', '0', NULL, NULL, NULL, NULL, 0, 0, '2019-01-03', 0, 0),
(119, 63, '1590', 'TOUATI', 'ABBEREZEK', 'CHEF SERVICE AUTOMATISME P/I', 'Direction de Production', 'Cadre', 'La protection des systèmes industriels', '2019-01-29', '2019-01-29', 0, 1, 6, 'Séminaire', 'Kaspersky Lab', 'Hors entreprise', 'Externe', 'Technique', 'Hors Plan', '0', NULL, NULL, NULL, NULL, 0, 0, '2019-01-03', 0, 0),
(120, 37, '124', 'DIB', 'BADREDIN', 'ASSISTANT PDG NIV II CHARGÉ DE L\'AUDIT', 'Direction Générale', 'Cadre', 'Loi de Finances 2019', '2019-01-31', '2019-01-31', 10115, 1, 6, 'Séminaire', 'CABINET MENACEUR', 'Hors entreprise', 'Externe', 'Management', 'Planifié', '03 Mois', 'Non', NULL, NULL, NULL, 15, 300000, '2019-01-01', 1, 90),
(121, 37, '1342', 'DJERRAD', 'ABDELMOUMENE', 'ASSISTANT PDG NIV III CHARGÉ DU CONTRÔLE DE GESTION', 'Direction Générale', 'Cadre', 'Loi de Finances 2019', '2019-01-31', '2019-01-31', 10115, 1, 6, 'Séminaire', 'CABINET MENACEUR', 'Hors entreprise', 'Externe', 'Management', 'Planifié', '03 Mois', 'Non', NULL, NULL, NULL, 15, 300000, '2019-01-01', 1, 90),
(122, 37, '1600', 'MELLOULI', 'HOSSAM EDDINE', 'CHEF SECTION COMPTABILITE ANALYTIQUE', 'Direction des Finances et Budget', 'Maitrise', 'Loi de Finances 2019', '2019-01-31', '2019-01-31', 10115, 1, 6, 'Séminaire', 'CABINET MENACEUR', 'Hors entreprise', 'Externe', 'Management', 'Planifié', '03 Mois', 'Non', NULL, NULL, NULL, 15, 300000, '2019-01-01', 1, 90),
(123, 37, '169', 'MESSAHLI', 'ABDELMALEK', 'CHEF SERVICE PROGRAMATION ET VENTES', 'Diretion Commercial & Marketing', 'Cadre', 'Loi de Finances 2019', '2019-01-31', '2019-01-31', 10115, 1, 6, 'Séminaire', 'CABINET MENACEUR', 'Hors entreprise', 'Externe', 'Management', 'Planifié', '03 Mois', 'Non', NULL, NULL, NULL, 15, 300000, '2019-01-01', 1, 90),
(124, 65, '907', 'BENSEDIRA', 'SIF EDDINE', 'AGENT DE SECURITE INDUSTRIEL', 'Direction de Développement Durable & Sécurité', 'Maitrise', 'Formation des délégués à l\'environnement', '2019-01-21', '2019-01-23', 67631, 3, 18, 'Formation', 'CFIC', 'Hors entreprise', 'CFIC', 'Environnement', 'Hors Plan', '0', NULL, NULL, NULL, NULL, 0, 0, NULL, 0, 0),
(125, 57, '513', 'BELARBI', 'KOUIDER', 'CHEF SERVICE CONTROLE QUALITE', 'Direction de Production', 'Cadre', 'Essais physico-mecanique pour le ciement pétrolier', '2019-02-03', '2019-02-07', 91035, 5, 30, 'Formation', 'CFIC', 'Hors entreprise', 'CFIC', 'Qualité', 'Planifié', '3 Mois', 'Oui', NULL, NULL, NULL, 5, 500000, '2019-02-01', 5, 150),
(126, 57, '1551', 'BOUHSSANE', 'FAYCAL', 'INGENIEUR EN CHIMIE', 'Direction de Développement', 'Cadre', 'Essais physico-mecanique pour le ciement pétrolier', '2019-02-03', '2019-02-07', 91035, 5, 30, 'Formation', 'CFIC', 'Hors entreprise', 'CFIC', 'Qualité', 'Planifié', '3 Mois', 'Oui', NULL, NULL, NULL, 5, 500000, '2019-02-01', 5, 150),
(127, 57, '1597', 'BELAIB', 'MOUNIR', 'INGENIEUR EN CHIMIE', 'Direction de Développement Durable & Sécurité', 'Cadre', 'Essais physico-mecanique pour le ciement pétrolier', '2019-02-03', '2019-02-07', 91035, 5, 30, 'Formation', 'CFIC', 'Hors entreprise', 'CFIC', 'Qualité', 'Planifié', '3 Mois', 'Oui', NULL, NULL, NULL, 5, 500000, '2019-02-01', 5, 150),
(128, 57, '1275', 'GHEBACHE', 'KARIM', 'TECHNICIEN EN CHIMIE', 'Direction de Production', 'Maitrise', 'Essais physico-mecanique pour le ciement pétrolier', '2019-02-03', '2019-02-07', 91035, 5, 30, 'Formation', 'CFIC', 'Hors entreprise', 'CFIC', 'Qualité', 'Planifié', '3 Mois', 'Oui', NULL, NULL, NULL, 5, 500000, '2019-02-01', 5, 150),
(129, 57, '1283', 'RIDJALINE', 'ABDELHAK', 'TECHNICIEN EN CHIMIE', 'Direction de Production', 'Maitrise', 'Essais physico-mecanique pour le ciement pétrolier', '2019-02-03', '2019-02-07', 91035, 5, 30, 'Formation', 'CFIC', 'Hors entreprise', 'CFIC', 'Qualité', 'Planifié', '3 Mois', 'Oui', NULL, NULL, NULL, 5, 500000, '2019-02-01', 5, 150),
(130, 66, '71', 'KADDOUR', 'MERIEM', 'SECRETAIRE DE DIRECTION', 'Direction Générale', 'Maitrise', 'Passer du secrétariat à l\'assistanat', '2019-02-11', '2019-02-13', 49050, 3, 18, 'Perfectionnement', 'MBI', 'Hors entreprise', 'Externe', 'Management', 'Hors Plan', '0', NULL, NULL, NULL, NULL, 0, 0, NULL, 0, 0),
(131, 9, '188', 'AGGOUN', 'SMAIL', 'CHEF DE DEPARTEMENT COMMERCIAL', 'Diretion Commercial & Marketing', 'Cadre', 'Etude de Marché', '2019-02-17', '2019-02-21', 98472, 5, 30, 'Formation', 'CFIC', 'Hors entreprise', 'CFIC', 'Management', 'Planifié', '6 Mois', 'Oui', NULL, NULL, NULL, 3, 300000, '2019-04-01', 5, 90),
(132, 19, '1579', 'BOUAROUR', 'SALIM', 'CHEF SECTION GESTION DU PERSONNEL', 'Direction des Ressources Humaines', 'Maitrise', 'Droit du travail, contrat et législation du travail', '2019-02-17', '2019-02-21', 76415, 5, 30, 'Formation', 'CFIC', 'Hors entreprise', 'CFIC', 'Management', 'Planifié', '03 Mois', 'Oui', NULL, NULL, NULL, 2, 150000, '2019-12-01', 3, 36),
(133, 58, '1374', 'TOUATI', 'ABDERRAZAK', 'CHEF DE QUART SECURITE', 'Direction de Développement Durable & Sécurité', 'Maitrise', 'La sûreté interne', '2019-02-17', '2019-02-19', 64319, 3, 18, 'Formation', 'CFIC', 'Hors entreprise', 'CFIC', 'Sécurité', 'Planifié', '3 Mois', 'Oui', NULL, NULL, NULL, 2, 260000, '2019-04-01', 3, 36),
(134, 58, '906', 'LAIB', 'MOURAD', 'AGENT DE SECURITE INDUSTRIEL', 'Direction de Développement Durable & Sécurité', 'Maitrise', 'La sûreté interne', '2019-02-17', '2019-02-19', 64319, 3, 18, 'Formation', 'CFIC', 'Hors entreprise', 'CFIC', 'Sécurité', 'Planifié', '3 Mois', 'Oui', NULL, NULL, NULL, 2, 260000, '2019-04-01', 3, 36),
(135, 58, '905', 'SALIM', 'TOUFIK', 'AGENT DE SECURITE INDUSTRIEL', 'Direction de Développement Durable & Sécurité', 'Maitrise', 'La sûreté interne', '2019-02-17', '2019-02-19', 64319, 3, 18, 'Formation', 'CFIC', 'Hors entreprise', 'CFIC', 'Sécurité', 'Planifié', '3 Mois', 'Oui', NULL, NULL, NULL, 2, 260000, '2019-04-01', 3, 36),
(136, 58, '543', 'BOUTICHE', 'ADEL', 'AGENT DE SECURITE INDUSTRIEL', 'Direction de Développement Durable & Sécurité', 'Maitrise', 'La sûreté interne', '2019-02-17', '2019-02-19', 64319, 3, 18, 'Formation', 'CFIC', 'Hors entreprise', 'CFIC', 'Sécurité', 'Planifié', '3 Mois', 'Oui', NULL, NULL, NULL, 2, 260000, '2019-04-01', 3, 36),
(137, 33, '443', 'KERKOUR', 'LOUTFI', 'OPERATEUR SALLE DE CONTRÔLE', 'Direction de Production', 'Maitrise', 'Procès de fabrication du ciment', '2019-02-19', '2019-02-21', 46801, 3, 18, 'Perfectionnement', 'CFIC', 'Hors entreprise', 'CFIC', 'Technique', 'Planifié', '03 Mois', 'Oui', NULL, NULL, NULL, 10, 1000000, '2019-02-01', 5, 300),
(138, 33, '1569', 'ZIGHEM', 'ALI', 'OPERATEUR SALLE DE CONTROLE NIV 1', 'Direction de Production', 'Cadre', 'Procès de fabrication du ciment', '2019-02-19', '2019-02-21', 46801, 3, 18, 'Perfectionnement', 'CFIC', 'Hors entreprise', 'CFIC', 'Technique', 'Planifié', '03 Mois', 'Oui', NULL, NULL, NULL, 10, 1000000, '2019-02-01', 5, 300),
(139, 33, '1663', 'LALIOUI', 'YACINE', 'OPERATEUR SALLE DE CONTRÔLE', 'Direction de Production', 'Maitrise', 'Procès de fabrication du ciment', '2019-02-19', '2019-02-21', 46801, 3, 18, 'Perfectionnement', 'CFIC', 'Hors entreprise', 'CFIC', 'Technique', 'Planifié', '03 Mois', 'Oui', NULL, NULL, NULL, 10, 1000000, '2019-02-01', 5, 300),
(140, 33, '1665', 'KEDDAD', 'ZAHREDDINE', 'RONDIER', 'Direction de Production', 'Maitrise', 'Procès de fabrication du ciment', '2019-02-19', '2019-02-21', 46801, 3, 18, 'Perfectionnement', 'CFIC', 'Hors entreprise', 'CFIC', 'Technique', 'Planifié', '03 Mois', 'Oui', NULL, NULL, NULL, 10, 1000000, '2019-02-01', 5, 300),
(141, 33, '504', 'BOUCHAHMA', 'KHIER', 'OPERATEUR SALLE DE CONTROL PRINCIPAL', 'Direction de Production', 'Cadre', 'Procès de fabrication du ciment', '2019-02-19', '2019-02-21', 46801, 3, 18, 'Perfectionnement', 'CFIC', 'Hors entreprise', 'CFIC', 'Technique', 'Planifié', '03 Mois', 'Oui', NULL, NULL, NULL, 10, 1000000, '2019-02-01', 5, 300),
(142, 33, '1674', 'KOUCEM', 'HICHAM', 'RONDIER', 'Direction de Production', 'Maitrise', 'Procès de fabrication du ciment', '2019-02-19', '2019-02-21', 46801, 3, 18, 'Perfectionnement', 'CFIC', 'Hors entreprise', 'CFIC', 'Technique', 'Planifié', '03 Mois', 'Oui', NULL, NULL, NULL, 10, 1000000, '2019-02-01', 5, 300),
(143, 33, '828', 'BENLAKEHAL', 'YAHIA ABDENOR', 'OPERATEUR SALLE DE CONTROL PRINCIPAL', 'Direction de Production', 'Cadre', 'Procès de fabrication du ciment', '2019-02-19', '2019-02-21', 46801, 3, 18, 'Perfectionnement', 'CFIC', 'Hors entreprise', 'CFIC', 'Technique', 'Planifié', '03 Mois', 'Oui', NULL, NULL, NULL, 10, 1000000, '2019-02-01', 5, 300),
(144, 21, '1608', 'KHENNOUF', 'SALAH', 'CHEF SECTION ACHATS', 'Direction des Approvisionnements', 'Maitrise', 'Les écrits professionnels', '2019-02-24', '2019-02-28', 54078, 5, 30, 'Formation', 'CFIC', 'Hors entreprise', 'CFIC', 'Management', 'Planifié', '03 Mois', 'Oui', NULL, NULL, NULL, 16, 320000, '2019-01-01', 8, 768),
(145, 21, '1355', 'SAADOUNE', 'NOUREDDINE', 'GESTIONNAIRE DU PERSONNEL', 'Direction des Ressources Humaines', 'Maitrise', 'Les écrits professionnels', '2019-02-24', '2019-02-28', 54078, 5, 30, 'Formation', 'CFIC', 'Hors entreprise', 'CFIC', 'Management', 'Planifié', '03 Mois', 'Non', NULL, NULL, NULL, 16, 320000, '2019-01-01', 8, 768),
(146, 21, '509', 'BOUGHELALA', 'ALI', 'CHEF SERVICE CONTROLE QUALITE', 'Direction de Production', 'Cadre', 'Les écrits professionnels', '2019-02-24', '2019-02-28', 54078, 5, 30, 'Formation', 'CFIC', 'Hors entreprise', 'CFIC', 'Management', 'Planifié', '03 Mois', 'Non', NULL, NULL, NULL, 16, 320000, '2019-01-01', 8, 768),
(147, 36, '1599', 'FOUDI', 'KHALED', 'CHEF SERVICE COMPTABILITE GENERALE', 'Direction des Finances et Budget', 'Cadre', 'Optimisation fiscale', '2019-02-24', '2019-02-26', 41420, 3, 18, 'Séminaire', 'INCG-SETIF', 'Hors entreprise', 'Externe', 'Management', 'Planifié', '03 Mois', 'Oui', NULL, NULL, NULL, 2, 200000, '2019-05-01', 3, 36),
(148, 36, '2111', 'KHALED', 'FARES', 'CHEF SERVICE COMPTABILITE ANALYTIQUE', 'Direction des Finances et Budget', 'Cadre', 'Optimisation fiscale', '2019-02-24', '2019-02-26', 41420, 3, 18, 'Séminaire', 'INCG-SETIF', 'Hors entreprise', 'Externe', 'Management', 'Planifié', '03 Mois', 'Oui', NULL, NULL, NULL, 2, 200000, '2019-05-01', 3, 36),
(149, 36, '171', 'BOUKAROURA', 'ZOHEIR', 'CHEF DE DEPARTEMENT FINANCES ET BUDGET', 'Direction des Finances et Budget', 'Cadre', 'Optimisation fiscale', '2019-02-24', '2019-02-25', 55590, 2, 12, 'Séminaire', 'T-COMPETENCES', 'Hors entreprise', 'Externe', 'Management', 'Planifié', '03 Mois', 'Oui', NULL, NULL, NULL, 2, 200000, '2019-05-01', 3, 36),
(150, 16, '1282', 'MELAB', 'BOUBAKEUR', 'CHEF DE DEPARTEMENT RESSOURCES HUMAINES', 'Direction des Ressources Humaines', 'Cadre', 'Management des ressources humaines', '2019-02-24', '2019-02-25', 55590, 2, 12, 'Séminaire', 'T-COMPETENCES', 'Hors entreprise', 'Externe', 'Management', 'Planifié', '6 Mois', 'Oui', NULL, NULL, NULL, 2, 200000, '2019-01-01', 5, 60);
INSERT INTO `suivi_actions` (`N`, `N_Action`, `Matricule`, `Nom`, `Prenom`, `Fonction`, `Direction_affectation`, `Categorie`, `Intitule_formation`, `Date_debut`, `Date_fin`, `Cout_formation`, `Nbre_jours`, `Nbre_heures`, `Type_formation`, `Organisme_formation`, `Lieu_formation`, `Lieu_formation_2`, `Type_formation_2`, `Planification`, `Periode_valuation_froid`, `Attestation_reçue`, `Avis_evaluation_organisme`, `Avis_retou_evaluation`, `Action_evaluation_insufisante`, `Prevision effectif`, `Previson_cout`, `Prevision_date_realisation`, `Prevision_Nbre_jours`, `Prevision_Nbre_heures`) VALUES
(151, 32, '1572', 'AZZOUZ', 'DAHMANE', 'OPERATEUR SALLE DE CONTROLE NIV 1', 'Direction de Production', 'Cadre', 'Technologie des équipements', '2019-02-26', '2019-02-28', 44059, 3, 18, 'Formation', 'CFIC', 'Hors entreprise', 'CFIC', 'Technique', 'Planifié', '03 Mois', 'Oui', NULL, NULL, NULL, 10, 1000000, '2019-05-01', 5, 300),
(152, 32, '855', 'AYAT', 'KHALIL', 'OPERATEUR SALLE DE CONTRÔLE', 'Direction de Production', 'Maitrise', 'Technologie des équipements', '2019-02-26', '2019-02-28', 44059, 3, 18, 'Formation', 'CFIC', 'Hors entreprise', 'CFIC', 'Technique', 'Planifié', '03 Mois', 'Oui', NULL, NULL, NULL, 10, 1000000, '2019-05-01', 5, 300),
(153, 32, '876', 'MOKEDDEM', 'SAMIR', 'OPERATEUR SALLE DE CONTRÔLE', 'Direction de Production', 'Maitrise', 'Technologie des équipements', '2019-02-26', '2019-02-28', 44059, 3, 18, 'Formation', 'CFIC', 'Hors entreprise', 'CFIC', 'Technique', 'Planifié', '03 Mois', 'Oui', NULL, NULL, NULL, 10, 1000000, '2019-05-01', 5, 300),
(154, 32, '872', 'ZAOUAGA', 'HASNI', 'OPERATEUR SALLE DE CONTRÔLE', 'Direction de Production', 'Maitrise', 'Technologie des équipements', '2019-02-26', '2019-02-28', 44059, 3, 18, 'Formation', 'CFIC', 'Hors entreprise', 'CFIC', 'Technique', 'Planifié', '03 Mois', 'Oui', NULL, NULL, NULL, 10, 1000000, '2019-05-01', 5, 300),
(155, 32, '420', 'BENAIDJA', 'ABDELAZIZ', 'OPERATEUR SALLE DE CONTRÔLE', 'Direction de Production', 'Maitrise', 'Technologie des équipements', '2019-02-26', '2019-02-28', 44059, 3, 18, 'Formation', 'CFIC', 'Hors entreprise', 'CFIC', 'Technique', 'Planifié', '03 Mois', 'Oui', NULL, NULL, NULL, 10, 1000000, '2019-05-01', 5, 300),
(156, 32, '1660', 'BELAHDA', 'FARID', 'OPERATEUR SALLE DE CONTRÔLE', 'Direction de Production', 'Maitrise', 'Technologie des équipements', '2019-02-26', '2019-02-28', 44059, 3, 18, 'Formation', 'CFIC', 'Hors entreprise', 'CFIC', 'Technique', 'Planifié', '03 Mois', 'Oui', NULL, NULL, NULL, 10, 1000000, '2019-05-01', 5, 300),
(157, 32, '1570', 'DEGHAR', 'ABDENACER', 'OPERATEUR SALLE DE CONTRÔLE', 'Direction de Production', 'Maitrise', 'Technologie des équipements', '2019-02-26', '2019-02-28', 44059, 3, 18, 'Formation', 'CFIC', 'Hors entreprise', 'CFIC', 'Technique', 'Planifié', '03 Mois', 'Oui', NULL, NULL, NULL, 10, 1000000, '2019-05-01', 5, 300),
(158, 32, '503', 'DOUAIR', 'ABDELMALEK', 'OPERATEUR SALLE DE CONTROL PRINCIPAL', 'Direction de Production', 'Cadre', 'Technologie des équipements', '2019-02-26', '2019-02-28', 44059, 3, 18, 'Formation', 'CFIC', 'Hors entreprise', 'CFIC', 'Technique', 'Planifié', '03 Mois', 'Oui', NULL, NULL, NULL, 10, 1000000, '2019-05-01', 5, 300),
(159, 67, '114', 'KARKOUR', 'AHMED', 'CADRE D\'AUDIT', 'Direction Générale', 'Cadre', 'Master professionnel en Audit et contrôle', '2019-02-24', '2019-02-28', NULL, 5, 30, 'Formation', 'INPED', 'Hors entreprise', 'Externe', 'Management', 'Hors Plan', '0', NULL, NULL, NULL, NULL, 0, 0, NULL, 0, 0),
(160, 65, '907', 'BENSEDIRA', 'SIF EDDINE', 'AGENT DE SECURITE INDUSTRIEL', 'Direction de Développement Durable & Sécurité', 'Maitrise', 'Formation des délégués à l\'environnement', '2019-02-18', '2019-02-20', 67631, 3, 18, 'Formation', 'CFIC', 'Hors entreprise', 'CFIC', 'Environnement', 'Hors Plan', '0', NULL, NULL, NULL, NULL, 0, 0, NULL, 0, 0),
(161, 68, '122', 'HARFOUCHE', 'MOHAND OULHOCINE', 'DIRECTEUR FINANCES ET BUDGET (C.D)', 'Direction Générale', 'Cadre', 'le Modèle d\'affaire d\'une organisation', '2019-03-06', '2019-03-07', 52320, 2, 12, 'Séminaire', 'INCG-SETIF', 'Hors entreprise', 'Externe', 'Management', 'Hors Plan', '0', 'Non', NULL, NULL, NULL, 0, 0, NULL, 0, 0),
(162, 68, '2101', 'BOUGHERNOUT', 'KHALED', 'DIRECTEUR COMMERCIAL', 'Diretion Commercial & Marketing', 'Cadre', 'le Modèle d\'affaire d\'une organisation', '2019-03-06', '2019-03-07', 52320, 2, 12, 'Séminaire', 'INCG-SETIF', 'Hors entreprise', 'Externe', 'Management', 'Hors Plan', '0', 'Non', NULL, NULL, NULL, 0, 0, NULL, 0, 0),
(163, 68, '512', 'LEKDIM', 'MUSTAPHA', 'ASSISTANT PDG NIV. I', 'Direction Générale', 'Cadre', 'le Modèle d\'affaire d\'une organisation', '2019-03-06', '2019-03-07', 52320, 2, 12, 'Séminaire', 'INCG-SETIF', 'Hors entreprise', 'Externe', 'Management', 'Hors Plan', '0', 'Non', NULL, NULL, NULL, 0, 0, NULL, 0, 0),
(164, 42, '1659', 'GUERGOUR', 'SABER', 'ELECTRICIEN INDUSTRIEL', 'Direction de Production', 'Maitrise', 'Froid et climatisation', '2019-03-17', '2019-03-21', 103827, 5, 30, 'Perfectionnement', 'CFIC', 'Hors entreprise', 'CFIC', 'Technique', 'Planifié', '03 Mois', 'Oui', NULL, NULL, NULL, 2, 200000, '2019-07-01', 5, 60),
(165, 42, '1247', 'AYADI', 'CHAREF EDDINE', 'INGENIEUR EN MECANIQUE', 'Direction de Production', 'Cadre', 'Froid et climatisation', '2019-03-17', '2019-03-21', 103827, 5, 30, 'Perfectionnement', 'CFIC', 'Hors entreprise', 'CFIC', 'Technique', 'Planifié', '03 Mois', 'Oui', NULL, NULL, NULL, 2, 200000, '2019-07-01', 5, 60),
(166, 42, '1623', 'KECHAT', 'FAICAL', 'CHEF SECTION UTILITE', 'Direction de Production', 'Cadre', 'Froid et climatisation', '2019-03-17', '2019-03-21', 103827, 5, 30, 'Perfectionnement', 'CFIC', 'Hors entreprise', 'CFIC', 'Technique', 'Planifié', '03 Mois', 'Oui', NULL, NULL, NULL, 2, 200000, '2019-07-01', 5, 60),
(167, 42, '1691', 'ADJIMI', 'KHAYREDDIN', 'TECHNICIEN EN AUTOMATISME', 'Direction de Production', 'Maitrise', 'Froid et climatisation', '2019-03-17', '2019-03-21', 103827, 5, 30, 'Perfectionnement', 'CFIC', 'Hors entreprise', 'CFIC', 'Technique', 'Planifié', '03 Mois', 'Oui', NULL, NULL, NULL, 2, 200000, '2019-07-01', 5, 60),
(168, 44, '560', 'BOUCHAAR', 'LAYACHI', 'MACON FUMISTE NIV.I', 'Direction de Production', 'Execution', 'Gestion et stockage produits réfractaire', '2019-03-17', '2019-03-21', 77129, 5, 30, 'Formation', 'CFIC', 'Hors entreprise', 'CFIC', 'Technique', 'Planifié', '03 Mois', 'Oui', NULL, NULL, NULL, 5, 500000, '2019-04-01', 5, 150),
(169, 44, '562', 'DIB', 'ABD EL HAMID', 'MACON FUMISTE NIV.I', 'Direction de Production', 'Execution', 'Gestion et stockage produits réfractaire', '2019-03-17', '2019-03-21', 77129, 5, 30, 'Formation', 'CFIC', 'Hors entreprise', 'CFIC', 'Technique', 'Planifié', '03 Mois', 'Oui', NULL, NULL, NULL, 5, 500000, '2019-04-01', 5, 150),
(170, 44, '494', 'GUERGOUR', 'FARES', 'MACON FUMISTE NIV.I', 'Direction de Production', 'Execution', 'Gestion et stockage produits réfractaire', '2019-03-17', '2019-03-21', 77129, 5, 30, 'Formation', 'CFIC', 'Hors entreprise', 'CFIC', 'Technique', 'Planifié', '03 Mois', 'Oui', NULL, NULL, NULL, 5, 500000, '2019-04-01', 5, 150),
(171, 44, '1596', 'DJETOUI', 'LEKHMISSI', 'GESTIONNAIRE DES STOCKS', 'Direction des Approvisionnements', 'Maitrise', 'Gestion et stockage produits réfractaire', '2019-03-17', '2019-03-21', 77129, 5, 30, 'Formation', 'CFIC', 'Hors entreprise', 'CFIC', 'Technique', 'Planifié', '03 Mois', 'Oui', NULL, NULL, NULL, 5, 500000, '2019-04-01', 5, 150),
(172, 44, '1226', 'CHACHA', 'ABDELHAFIDH', 'MAGASINIER', 'Direction des Approvisionnements', 'Execution', 'Gestion et stockage produits réfractaire', '2019-03-17', '2019-03-21', 77129, 5, 30, 'Formation', 'CFIC', 'Hors entreprise', 'CFIC', 'Technique', 'Planifié', '03 Mois', 'Oui', NULL, NULL, NULL, 5, 500000, '2019-04-01', 5, 150),
(173, 44, '593', 'KERAGHEL', 'AHMED', 'CHEF D\'EQUIPE ENTRETIEN GENERALE', 'Direction de Production', 'Maitrise', 'Gestion et stockage produits réfractaire', '2019-03-17', '2019-03-21', 77129, 5, 30, 'Formation', 'CFIC', 'Hors entreprise', 'CFIC', 'Technique', 'Planifié', '03 Mois', 'Oui', NULL, NULL, NULL, 5, 500000, '2019-04-01', 5, 150),
(174, 43, '462', 'TOUIL', 'MUSTAPHA', 'MECANICIEN OP-II', 'Direction de Production', 'Execution', 'Méthodologie de diagnostic des pannes', '2019-03-17', '2019-03-21', 68292, 5, 30, 'Formation', 'CFIC', 'Hors entreprise', 'CFIC', 'Technique', 'Planifié', '03 Mois', 'Oui', NULL, NULL, NULL, 10, 1000000, '2019-03-01', 5, 300),
(175, 43, '454', 'MEHENI', 'ABD ERREZZAQ', 'CHEF SECTION MECANIQUE', 'Direction de Production', 'Cadre', 'Méthodologie de diagnostic des pannes', '2019-03-17', '2019-03-21', 68292, 5, 30, 'Formation', 'CFIC', 'Hors entreprise', 'CFIC', 'Technique', 'Planifié', '03 Mois', 'Oui', NULL, NULL, NULL, 10, 1000000, '2019-03-01', 5, 300),
(176, 43, '1341', 'BEGAG', 'KHALED', 'TOURNOUR', 'Direction de Production', 'Execution', 'Méthodologie de diagnostic des pannes', '2019-03-17', '2019-03-21', 68292, 5, 30, 'Formation', 'CFIC', 'Hors entreprise', 'CFIC', 'Technique', 'Planifié', '03 Mois', 'Oui', NULL, NULL, NULL, 10, 1000000, '2019-03-01', 5, 300),
(177, 43, '823', 'HENOUZ', 'MOURAD', 'TUYAUTEUR OP2', 'Direction de Production', 'Execution', 'Méthodologie de diagnostic des pannes', '2019-03-17', '2019-03-21', 68292, 5, 30, 'Formation', 'CFIC', 'Hors entreprise', 'CFIC', 'Technique', 'Planifié', '03 Mois', 'Oui', NULL, NULL, NULL, 10, 1000000, '2019-03-01', 5, 300),
(178, 43, '1250', 'SLIMANI', 'ACHOUR', 'INGENIEUR EN MECANIQUE', 'Direction de Production', 'Cadre', 'Méthodologie de diagnostic des pannes', '2019-03-17', '2019-03-21', 68292, 5, 30, 'Formation', 'CFIC', 'Hors entreprise', 'CFIC', 'Technique', 'Planifié', '03 Mois', 'Oui', NULL, NULL, NULL, 10, 1000000, '2019-03-01', 5, 300),
(179, 43, '1253', 'BELKHIRI', 'AZZEDDINE', 'INGENIEUR EN MECANIQUE', 'Direction de Production', 'Cadre', 'Méthodologie de diagnostic des pannes', '2019-03-17', '2019-03-21', 68292, 5, 30, 'Formation', 'CFIC', 'Hors entreprise', 'CFIC', 'Technique', 'Planifié', '03 Mois', 'Oui', NULL, NULL, NULL, 10, 1000000, '2019-03-01', 5, 300),
(180, 43, '1589', 'BOUAROUR', 'REDOUANE', 'TECHNICIEN SUPERIEUR EN MECANIQUE', 'Direction de Production', 'Maitrise', 'Méthodologie de diagnostic des pannes', '2019-03-17', '2019-03-21', 68292, 5, 30, 'Formation', 'CFIC', 'Hors entreprise', 'CFIC', 'Technique', 'Planifié', '03 Mois', 'Oui', NULL, NULL, NULL, 10, 1000000, '2019-03-01', 5, 300),
(181, 43, '813', 'AYAD', 'RABAH', 'CHEF SECTION CRU', 'Direction de Production', 'Cadre', 'Méthodologie de diagnostic des pannes', '2019-03-17', '2019-03-21', 68292, 5, 30, 'Formation', 'CFIC', 'Hors entreprise', 'CFIC', 'Technique', 'Planifié', '03 Mois', 'Oui', NULL, NULL, NULL, 10, 1000000, '2019-03-01', 5, 300),
(182, 43, '1593', 'FADHEL', 'ABEDERRAHMANE', 'CHEF SECTION CONCASSAGE', 'Direction de Production', 'Cadre', 'Méthodologie de diagnostic des pannes', '2019-03-17', '2019-03-21', 68292, 5, 30, 'Formation', 'CFIC', 'Hors entreprise', 'CFIC', 'Technique', 'Planifié', '03 Mois', 'Oui', NULL, NULL, NULL, 10, 1000000, '2019-03-01', 5, 300),
(183, 57, '513', 'BELARBI', 'KOUIDER', 'CHEF SERVICE CONTROLE QUALITE', 'Direction de Production', 'Cadre', 'Essais physico-mecanique pour le ciement pétrolier', '2019-03-17', '2019-03-18', 56407, 2, 12, 'Formation', 'EMC SCHOOL', 'Hors entreprise', 'Externe', 'Qualité', 'Planifié', '3 Mois', 'Oui', NULL, NULL, NULL, 5, 500000, '2019-02-01', 5, 150),
(184, 57, '510', 'BOUGHELOUS', 'NOUREDDINE', 'CADRE EN CHEMIE', 'Direction de Production', 'Cadre', 'Essais physico-mecanique pour le ciement pétrolier', '2019-03-17', '2019-03-18', 56407, 2, 12, 'Formation', 'EMC SCHOOL', 'Hors entreprise', 'Externe', 'Qualité', 'Planifié', '3 Mois', 'Oui', NULL, NULL, NULL, 5, 500000, '2019-02-01', 5, 150),
(185, 57, '1551', 'BOUHSSANE', 'FAYCAL', 'INGENIEUR EN CHIMIE', 'Direction de Développement', 'Cadre', 'Essais physico-mecanique pour le ciement pétrolier', '2019-03-17', '2019-03-18', 56407, 2, 12, 'Formation', 'EMC SCHOOL', 'Hors entreprise', 'Externe', 'Qualité', 'Planifié', '3 Mois', 'Oui', NULL, NULL, NULL, 5, 500000, '2019-02-01', 5, 150),
(186, 57, '1597', 'BELAIB', 'MOUNIR', 'INGENIEUR EN CHIMIE', 'Direction de Développement Durable & Sécurité', 'Cadre', 'Essais physico-mecanique pour le ciement pétrolier', '2019-03-17', '2019-03-18', 56407, 2, 12, 'Formation', 'EMC SCHOOL', 'Hors entreprise', 'Externe', 'Qualité', 'Planifié', '3 Mois', 'Oui', NULL, NULL, NULL, 5, 500000, '2019-02-01', 5, 150),
(187, 57, '1271', 'DIAFAT', 'ABDESLAM', 'TECHNICIEN EN CHIMIE', 'Direction de Production', 'Maitrise', 'Essais physico-mecanique pour le ciement pétrolier', '2019-03-17', '2019-03-18', 56407, 2, 12, 'Formation', 'EMC SCHOOL', 'Hors entreprise', 'Externe', 'Qualité', 'Planifié', '3 Mois', 'Oui', NULL, NULL, NULL, 5, 500000, '2019-02-01', 5, 150),
(188, 57, '1273', 'ADOUANE', 'TAREK', 'TECHNICIEN EN CHIMIE', 'Direction de Production', 'Maitrise', 'Essais physico-mecanique pour le ciement pétrolier', '2019-03-17', '2019-03-18', 56407, 2, 12, 'Formation', 'EMC SCHOOL', 'Hors entreprise', 'Externe', 'Qualité', 'Planifié', '3 Mois', 'Oui', NULL, NULL, NULL, 5, 500000, '2019-02-01', 5, 150),
(189, 57, '423', 'BERKANE', 'KARIM', 'CHEF SECTION PROCESS', 'Direction de Production', 'Cadre', 'Essais physico-mecanique pour le ciement pétrolier', '2019-03-17', '2019-03-18', 56407, 2, 12, 'Formation', 'EMC SCHOOL', 'Hors entreprise', 'Externe', 'Qualité', 'Planifié', '3 Mois', 'Oui', NULL, NULL, NULL, 5, 500000, '2019-02-01', 5, 150),
(190, 57, '1697', 'BENMANSOUR', 'ACHREF', 'INGENIEUR DE SYSTEME ENERGIE INDUSTRIEL', 'Direction de Développement Durable & Sécurité', 'Cadre', 'Essais physico-mecanique pour le ciement pétrolier', '2019-03-17', '2019-03-18', 56407, 2, 12, 'Formation', 'EMC SCHOOL', 'Hors entreprise', 'Externe', 'Qualité', 'Planifié', '3 Mois', 'Oui', NULL, NULL, NULL, 5, 500000, '2019-02-01', 5, 150),
(191, 57, '509', 'BOUGHELALA', 'ALI', 'CHEF SERVICE CONTROLE QUALITE', 'Direction de Production', 'Cadre', 'Essais physico-mecanique pour le ciement pétrolier', '2019-03-20', '2019-03-21', 56407, 2, 12, 'Formation', 'EMC SCHOOL', 'Hors entreprise', 'Externe', 'Qualité', 'Planifié', '3 Mois', 'Oui', NULL, NULL, NULL, 5, 500000, '2019-02-01', 5, 150),
(192, 57, '1552', 'SMARA', 'ABDELGHANI', 'TECHNICIEN EN CHIMIE INDUTRIEL', 'Direction de Production', 'Maitrise', 'Essais physico-mecanique pour le ciement pétrolier', '2019-03-20', '2019-03-21', 56407, 2, 12, 'Formation', 'EMC SCHOOL', 'Hors entreprise', 'Externe', 'Qualité', 'Planifié', '3 Mois', 'Oui', NULL, NULL, NULL, 5, 500000, '2019-02-01', 5, 150),
(193, 57, '58', 'HAMICHE', 'MALIK', 'TECHNICIEN EN CHIMIE', 'Direction de Production', 'Maitrise', 'Essais physico-mecanique pour le ciement pétrolier', '2019-03-20', '2019-03-21', 56407, 2, 12, 'Formation', 'EMC SCHOOL', 'Hors entreprise', 'Externe', 'Qualité', 'Planifié', '3 Mois', 'Oui', NULL, NULL, NULL, 5, 500000, '2019-02-01', 5, 150),
(194, 57, '1284', 'AYAT', 'TAREK', 'TECHNICIEN EN CHIMIE', 'Direction de Production', 'Maitrise', 'Essais physico-mecanique pour le ciement pétrolier', '2019-03-20', '2019-03-21', 56407, 2, 12, 'Formation', 'EMC SCHOOL', 'Hors entreprise', 'Externe', 'Qualité', 'Planifié', '3 Mois', 'Oui', NULL, NULL, NULL, 5, 500000, '2019-02-01', 5, 150),
(195, 57, '1285', 'ABED', 'ABDELGHANI', 'TECHNICIEN EN CHIMIE', 'Direction de Production', 'Maitrise', 'Essais physico-mecanique pour le ciement pétrolier', '2019-03-20', '2019-03-21', 56407, 2, 12, 'Formation', 'EMC SCHOOL', 'Hors entreprise', 'Externe', 'Qualité', 'Planifié', '3 Mois', 'Oui', NULL, NULL, NULL, 5, 500000, '2019-02-01', 5, 150),
(196, 57, '1272', 'SEMARA', 'MOURAD', 'TECHNICIEN EN CHIMIE', 'Direction de Production', 'Maitrise', 'Essais physico-mecanique pour le ciement pétrolier', '2019-03-20', '2019-03-21', 56407, 2, 12, 'Formation', 'EMC SCHOOL', 'Hors entreprise', 'Externe', 'Qualité', 'Planifié', '3 Mois', 'Oui', NULL, NULL, NULL, 5, 500000, '2019-02-01', 5, 150),
(197, 57, '421', 'YOUSFI', 'NABIL', 'CHEF DE QUART PRODUCTION', 'Direction de Production', 'Cadre', 'Essais physico-mecanique pour le ciement pétrolier', '2019-03-20', '2019-03-21', 56407, 2, 12, 'Formation', 'EMC SCHOOL', 'Hors entreprise', 'Externe', 'Qualité', 'Planifié', '3 Mois', 'Oui', NULL, NULL, NULL, 5, 500000, '2019-02-01', 5, 150),
(198, 57, '1371', 'MESSAHLI', 'ABDELOUAHAB', 'CHEF SECTION PROCESS', 'Direction de Production', 'Cadre', 'Essais physico-mecanique pour le ciement pétrolier', '2019-03-20', '2019-03-21', 56407, 2, 12, 'Formation', 'EMC SCHOOL', 'Hors entreprise', 'Externe', 'Qualité', 'Planifié', '3 Mois', 'Oui', NULL, NULL, NULL, 5, 500000, '2019-02-01', 5, 150),
(199, 31, '1265', 'ABDESSLAM', 'OMAR', 'RONDIER', 'Direction de Production', 'Maitrise', 'Surveillance des équipements', '2019-03-24', '2019-03-28', 58140, 5, 30, 'Perfectionnement', 'CFIC', 'Hors entreprise', 'CFIC', 'Technique', 'Planifié', '03 Mois', 'Oui', NULL, NULL, NULL, 5, 500000, '2019-03-01', 5, 150),
(200, 31, '1731', 'KERKOUR', 'KHALIL', 'RONDIER (CTA)', 'Direction de Production', 'Maitrise', 'Surveillance des équipements', '2019-03-24', '2019-03-28', 58140, 5, 30, 'Perfectionnement', 'CFIC', 'Hors entreprise', 'CFIC', 'Technique', 'Planifié', '03 Mois', 'Oui', NULL, NULL, NULL, 5, 500000, '2019-03-01', 5, 150),
(201, 31, '1260', 'LADACI', 'BOUDJEMA', 'RONDIER', 'Direction de Production', 'Maitrise', 'Surveillance des équipements', '2019-03-24', '2019-03-28', 58140, 5, 30, 'Perfectionnement', 'CFIC', 'Hors entreprise', 'CFIC', 'Technique', 'Planifié', '03 Mois', 'Oui', NULL, NULL, NULL, 5, 500000, '2019-03-01', 5, 150),
(202, 31, '1309', 'CHAOUI', 'HALIM', 'RONDIER', 'Direction de Production', 'Maitrise', 'Surveillance des équipements', '2019-03-24', '2019-03-28', 58140, 5, 30, 'Perfectionnement', 'CFIC', 'Hors entreprise', 'CFIC', 'Technique', 'Planifié', '03 Mois', 'Oui', NULL, NULL, NULL, 5, 500000, '2019-03-01', 5, 150),
(203, 31, '1299', 'NASRI', 'DAOUD', 'RONDIER', 'Direction de Production', 'Maitrise', 'Surveillance des équipements', '2019-03-24', '2019-03-28', 58140, 5, 30, 'Perfectionnement', 'CFIC', 'Hors entreprise', 'CFIC', 'Technique', 'Planifié', '03 Mois', 'Oui', NULL, NULL, NULL, 5, 500000, '2019-03-01', 5, 150),
(204, 31, '1262', 'BOUZERAA', 'HEMZA', 'RONDIER', 'Direction de Production', 'Maitrise', 'Surveillance des équipements', '2019-03-24', '2019-03-28', 58140, 5, 30, 'Perfectionnement', 'CFIC', 'Hors entreprise', 'CFIC', 'Technique', 'Planifié', '03 Mois', 'Non', NULL, NULL, NULL, 5, 500000, '2019-03-01', 5, 150),
(205, 31, '1268', 'BENBOUDINA', 'SALAH', 'RONDIER', 'Direction de Production', 'Maitrise', 'Surveillance des équipements', '2019-03-24', '2019-03-28', 58140, 5, 30, 'Perfectionnement', 'CFIC', 'Hors entreprise', 'CFIC', 'Technique', 'Planifié', '03 Mois', 'Oui', NULL, NULL, NULL, 5, 500000, '2019-03-01', 5, 150),
(206, 31, '1298', 'BENAINA', 'HAKIM', 'RONDIER', 'Direction de Production', 'Maitrise', 'Surveillance des équipements', '2019-03-24', '2019-03-28', 58140, 5, 30, 'Perfectionnement', 'CFIC', 'Hors entreprise', 'CFIC', 'Technique', 'Planifié', '03 Mois', 'Oui', NULL, NULL, NULL, 5, 500000, '2019-03-01', 5, 150),
(207, 69, '519', 'BAZA', 'ABDERRAHMANE', 'CONDUCTEUR D\'ENGIN NIV. I', 'Direction de Production', 'Maitrise', 'Formation sur chargeur type L524', '2019-03-18', '2019-03-18', 0, 1, 6, 'Formation', 'ENMTP/UMDAS', 'Intra-entreprise', 'Externe', 'Technique', 'Hors Plan', '0', NULL, NULL, NULL, NULL, 0, 0, NULL, 0, 0),
(208, 69, '524', 'SAFFIDINE', 'FAYCAL', 'CONDUCTEUR D\'ENGIN NIV. I', 'Direction de Production', 'Maitrise', 'Formation sur chargeur type L524', '2019-03-18', '2019-03-18', 0, 1, 6, 'Formation', 'ENMTP/UMDAS', 'Intra-entreprise', 'Externe', 'Technique', 'Hors Plan', '0', NULL, NULL, NULL, NULL, 0, 0, NULL, 0, 0),
(209, 69, '1255', 'BOULANAK', 'SAID', 'MECANICIEN OHQ', 'Direction de Production', 'Maitrise', 'Formation sur chargeur type L524', '2019-03-18', '2019-03-18', 0, 1, 6, 'Formation', 'ENMTP/UMDAS', 'Intra-entreprise', 'Externe', 'Technique', 'Hors Plan', '0', NULL, NULL, NULL, NULL, 0, 0, NULL, 0, 0),
(210, 69, '1217', 'CHERFAOUI', 'FARID', 'MECANICIEN D\'ENGINS', 'Direction de Production', 'Execution', 'Formation sur chargeur type L524', '2019-03-18', '2019-03-18', 0, 1, 6, 'Formation', 'ENMTP/UMDAS', 'Intra-entreprise', 'Externe', 'Technique', 'Hors Plan', '0', NULL, NULL, NULL, NULL, 0, 0, NULL, 0, 0),
(211, 69, '1241', 'KECHAT', 'ABBES', 'MECANICIEN OHQ', 'Direction de Production', 'Maitrise', 'Formation sur chargeur type L524', '2019-03-18', '2019-03-18', 0, 1, 6, 'Formation', 'ENMTP/UMDAS', 'Intra-entreprise', 'Externe', 'Technique', 'Hors Plan', '0', NULL, NULL, NULL, NULL, 0, 0, NULL, 0, 0),
(212, 70, '1657', 'BOURBIE', 'BILLAL', 'INGENIEUR EN PREVENTION ET SECURITE INDUSTRIELLE', 'Direction de Développement', 'Cadre', 'La gestion des risques industrielles', '2019-03-25', '2019-03-27', 40000, 3, 18, 'Séminaire', 'CNTPP - Alger', 'Hors entreprise', 'Externe', 'Sécurité', 'Hors Plan', '0', 'Oui', NULL, NULL, NULL, 0, 0, NULL, 0, 0),
(213, 70, '907', 'BENSEDIRA', 'SIF EDDINE', 'AGENT DE SECURITE INDUSTRIEL', 'Direction de Développement Durable & Sécurité', 'Maitrise', 'La gestion des risques industrielles', '2019-03-25', '2019-03-27', 40000, 3, 18, 'Séminaire', 'CNTPP - Alger', 'Hors entreprise', 'Externe', 'Sécurité', 'Hors Plan', '0', 'Oui', NULL, NULL, NULL, 0, 0, NULL, 0, 0),
(214, 54, '2111', 'KHALED', 'FARES', 'CHEF SERVICE COMPTABILITE ANALYTIQUE', 'Direction des Finances et Budget', 'Cadre', 'La réglementation environnementale et la fiscalité écologique', '2019-03-27', '2019-03-28', 42840, 2, 12, 'Séminaire', 'CFIC', 'Hors entreprise', 'CFIC', 'Management', 'Planifié', '3 Mois', 'Oui', NULL, NULL, NULL, 3, 250000, '2019-10-01', 2, 36),
(215, 54, '1360', 'NECHNACHE', 'FATINE', 'COMPTABLE', 'Direction des Finances et Budget', 'Maitrise', 'La réglementation environnementale et la fiscalité écologique', '2019-03-27', '2019-03-28', 42840, 2, 12, 'Séminaire', 'CFIC', 'Hors entreprise', 'CFIC', 'Management', 'Planifié', '3 Mois', 'Oui', NULL, NULL, NULL, 3, 250000, '2019-10-01', 2, 36),
(216, 54, '1370', 'KHERIS', 'ADEL', 'INGENIEUR D\'EXPLOITATION DES MINES', 'Direction de Production', 'Cadre', 'La réglementation environnementale et la fiscalité écologique', '2019-03-27', '2019-03-28', 42840, 2, 12, 'Séminaire', 'CFIC', 'Hors entreprise', 'CFIC', 'Management', 'Planifié', '3 Mois', 'Oui', NULL, NULL, NULL, 3, 250000, '2019-10-01', 2, 36),
(217, 55, '1421', 'AICHOUR', 'LAKHDAR', 'DIRECTEUR DES AFFAIRES JURIDIQUES ET CONTENTIEUX', 'Direction Générale', 'Cadre', 'Arbitrage et médiation', '2019-03-27', '2019-03-30', 116620, 4, 24, 'Séminaire', 'cca - Arbitrage', 'Hors entreprise', 'Externe', 'Management', 'Planifié', '6 Mois', 'Non', NULL, NULL, NULL, 3, 320000, '2019-03-01', 3, 54),
(218, 60, '593', 'KERAGHEL', 'AHMED', 'CHEF D\'EQUIPE ENTRETIEN GENERALE', 'Direction de Production', 'Maitrise', 'Permis de travail', '2019-04-01', '2019-04-01', 0, 1, 2, 'Sensibilisation', 'Sce HSE', 'Intra-entreprise', 'Interne', 'Sécurité', 'Hors Plan', '0', NULL, NULL, NULL, NULL, 0, 0, NULL, 0, 0),
(219, 60, '560', 'BOUCHAAR', 'LAYACHI', 'MACON FUMISTE NIV.I', 'Direction de Production', 'Execution', 'Permis de travail', '2019-04-01', '2019-04-01', 0, 1, 2, 'Sensibilisation', 'Sce HSE', 'Intra-entreprise', 'Interne', 'Sécurité', 'Hors Plan', '0', NULL, NULL, NULL, NULL, 0, 0, NULL, 0, 0),
(220, 60, '561', 'BAZ', 'BOUDJEMA', 'MACON FUMISTE NIV.I', 'Direction de Production', 'Execution', 'Permis de travail', '2019-04-01', '2019-04-01', 0, 1, 2, 'Sensibilisation', 'Sce HSE', 'Intra-entreprise', 'Interne', 'Sécurité', 'Hors Plan', '0', NULL, NULL, NULL, NULL, 0, 0, NULL, 0, 0),
(221, 60, '562', 'DIB', 'ABD EL HAMID', 'MACON FUMISTE NIV.I', 'Direction de Production', 'Execution', 'Permis de travail', '2019-04-01', '2019-04-01', 0, 1, 2, 'Sensibilisation', 'Sce HSE', 'Intra-entreprise', 'Interne', 'Sécurité', 'Hors Plan', '0', NULL, NULL, NULL, NULL, 0, 0, NULL, 0, 0),
(222, 60, '559', 'BOUSSA', 'ABDELKADER', 'MACON FUMISTE NIV.I', 'Direction de Production', 'Execution', 'Permis de travail', '2019-04-01', '2019-04-01', 0, 1, 2, 'Sensibilisation', 'Sce HSE', 'Intra-entreprise', 'Interne', 'Sécurité', 'Hors Plan', '0', NULL, NULL, NULL, NULL, 0, 0, NULL, 0, 0),
(223, 60, '554', 'BOULEKROUN', 'SMAIL', 'CONDUCTEUR BOBCAT', 'Direction de Production', 'Execution', 'Permis de travail', '2019-04-01', '2019-04-01', 0, 1, 2, 'Sensibilisation', 'Sce HSE', 'Intra-entreprise', 'Interne', 'Sécurité', 'Hors Plan', '0', NULL, NULL, NULL, NULL, 0, 0, NULL, 0, 0),
(224, 60, '553', 'GUERGOUR', 'MALEK', 'MACON FUMISTE NIV.I', 'Direction de Production', 'Execution', 'Permis de travail', '2019-04-01', '2019-04-01', 0, 1, 2, 'Sensibilisation', 'Sce HSE', 'Intra-entreprise', 'Interne', 'Sécurité', 'Hors Plan', '0', NULL, NULL, NULL, NULL, 0, 0, NULL, 0, 0),
(225, 60, '552', 'ZIER', 'RACHID', 'MACON FUMISTE NIV.I', 'Direction de Production', 'Execution', 'Permis de travail', '2019-04-01', '2019-04-01', 0, 1, 2, 'Sensibilisation', 'Sce HSE', 'Intra-entreprise', 'Interne', 'Sécurité', 'Hors Plan', '0', NULL, NULL, NULL, NULL, 0, 0, NULL, 0, 0),
(226, 71, '1282', 'MELAB', 'BOUBAKEUR', 'CHEF DE DEPARTEMENT RESSOURCES HUMAINES', 'Direction des Ressources Humaines', 'Cadre', 'La Veille Stratégique', '2019-04-09', '2019-04-11', 35000, 3, 18, 'Séminaire', 'EMEA Tlemcen', 'Hors entreprise', 'Externe', 'Management', 'Hors Plan', '0', NULL, NULL, NULL, NULL, 0, 0, NULL, 0, 0),
(227, 71, '1609', 'TOUIL', 'FAYSAL', 'CADRE ADMINISTRATIF CHARGE DE LA GESTION PAIE,FORMATION ET COMPETENCE', 'Direction des Ressources Humaines', 'Cadre', 'La Veille Stratégique', '2019-04-09', '2019-04-11', 35000, 3, 18, 'Séminaire', 'EMEA Tlemcen', 'Hors entreprise', 'Externe', 'Management', 'Hors Plan', '0', NULL, NULL, NULL, NULL, 0, 0, NULL, 0, 0),
(228, 71, '1344', 'CHEKHCHOUKH', 'BOUBAKR ESSADDIQ', 'INGENIEUR EN INFORMATIQUE', 'Direction de Développement', 'Cadre', 'La Veille Stratégique', '2019-04-09', '2019-04-11', 35000, 3, 18, 'Séminaire', 'EMEA Tlemcen', 'Hors entreprise', 'Externe', 'Management', 'Hors Plan', '0', NULL, NULL, NULL, NULL, 0, 0, NULL, 0, 0),
(229, 71, '169', 'MESSAHLI', 'ABDELMALEK', 'CHEF SERVICE PROGRAMATION ET VENTES', 'Diretion Commercial & Marketing', 'Cadre', 'La Veille Stratégique', '2019-04-09', '2019-04-11', 35000, 3, 18, 'Séminaire', 'EMEA Tlemcen', 'Hors entreprise', 'Externe', 'Management', 'Hors Plan', '0', NULL, NULL, NULL, NULL, 0, 0, NULL, 0, 0),
(230, 72, '1697', 'BENMANSOUR', 'ACHREF', 'INGENIEUR DE SYSTEME ENERGIE INDUSTRIEL', 'Direction de Développement Durable & Sécurité', 'Cadre', 'Economie de l\'énergie', '2019-04-14', '2019-04-16', 31787, 3, 18, 'Formation', 'CFIC', 'Hors entreprise', 'CFIC', 'Technique', 'Hors Plan', '0', 'Oui', NULL, NULL, NULL, 0, 0, NULL, 0, 0),
(231, 72, '1371', 'MESSAHLI', 'ABDELOUAHAB', 'CHEF SECTION PROCESS', 'Direction de Production', 'Cadre', 'Economie de l\'énergie', '2019-04-14', '2019-04-16', 31787, 3, 18, 'Formation', 'CFIC', 'Hors entreprise', 'CFIC', 'Technique', 'Hors Plan', '0', 'Oui', NULL, NULL, NULL, 0, 0, NULL, 0, 0),
(232, 72, '1603', 'MOUSLI', 'DJAMEL', 'INGENIEUR EN ELECTRONIQUE', 'Direction de Production', 'Cadre', 'Economie de l\'énergie', '2019-04-14', '2019-04-16', 31787, 3, 18, 'Formation', 'CFIC', 'Hors entreprise', 'CFIC', 'Technique', 'Hors Plan', '0', 'Oui', NULL, NULL, NULL, 0, 0, NULL, 0, 0),
(233, 72, '1549', 'HADDAR', 'ABDERRAZEK', 'INGENIEUR EN ELECTROTECHNIQUE', 'Direction de Production', 'Cadre', 'Economie de l\'énergie', '2019-04-14', '2019-04-16', 31787, 3, 18, 'Formation', 'CFIC', 'Hors entreprise', 'CFIC', 'Technique', 'Hors Plan', '0', 'Oui', NULL, NULL, NULL, 0, 0, NULL, 0, 0),
(234, 39, '443', 'KERKOUR', 'LOUTFI', 'OPERATEUR SALLE DE CONTRÔLE', 'Direction de Production', 'Maitrise', 'Mise à niveau du personnel de production', '2019-04-07', '2019-04-25', 78093, 15, 90, 'Formation', 'CFIC', 'Hors entreprise', 'CFIC', 'Technique', 'Planifié', '06 Mois', 'Oui', NULL, NULL, NULL, 12, 1320000, '2019-09-01', 15, 1080),
(235, 39, '421', 'YOUSFI', 'NABIL', 'CHEF DE QUART PRODUCTION', 'Direction de Production', 'Cadre', 'Mise à niveau du personnel de production', '2019-04-07', '2019-04-25', 78093, 15, 90, 'Formation', 'CFIC', 'Hors entreprise', 'CFIC', 'Technique', 'Planifié', '06 Mois', 'Oui', NULL, NULL, NULL, 12, 1320000, '2019-09-01', 15, 1080),
(236, 39, '1569', 'ZIGHEM', 'ALI', 'OPERATEUR SALLE DE CONTROLE NIV 1', 'Direction de Production', 'Cadre', 'Mise à niveau du personnel de production', '2019-04-07', '2019-04-25', 78093, 15, 90, 'Formation', 'CFIC', 'Hors entreprise', 'CFIC', 'Technique', 'Planifié', '06 Mois', 'Oui', NULL, NULL, NULL, 12, 1320000, '2019-09-01', 15, 1080),
(237, 39, '503', 'DOUAIR', 'ABDELMALEK', 'OPERATEUR SALLE DE CONTROL PRINCIPAL', 'Direction de Production', 'Cadre', 'Mise à niveau du personnel de production', '2019-04-07', '2019-04-25', 78093, 15, 90, 'Formation', 'CFIC', 'Hors entreprise', 'CFIC', 'Technique', 'Planifié', '06 Mois', 'Oui', NULL, NULL, NULL, 12, 1320000, '2019-09-01', 15, 1080),
(238, 39, '1267', 'SACI', 'SALIM', 'RONDIER', 'Direction de Production', 'Maitrise', 'Mise à niveau du personnel de production', '2019-04-07', '2019-04-25', 78093, 15, 90, 'Formation', 'CFIC', 'Hors entreprise', 'CFIC', 'Technique', 'Planifié', '06 Mois', 'Oui', NULL, NULL, NULL, 12, 1320000, '2019-09-01', 15, 1080),
(239, 39, '876', 'MOKEDDEM', 'SAMIR', 'OPERATEUR SALLE DE CONTRÔLE', 'Direction de Production', 'Maitrise', 'Mise à niveau du personnel de production', '2019-04-07', '2019-04-25', 78093, 15, 90, 'Formation', 'CFIC', 'Hors entreprise', 'CFIC', 'Technique', 'Planifié', '06 Mois', 'Oui', NULL, NULL, NULL, 12, 1320000, '2019-09-01', 15, 1080),
(240, 39, '1663', 'LALIOUI', 'YACINE', 'OPERATEUR SALLE DE CONTRÔLE', 'Direction de Production', 'Maitrise', 'Mise à niveau du personnel de production', '2019-04-07', '2019-04-25', 78093, 15, 90, 'Formation', 'CFIC', 'Hors entreprise', 'CFIC', 'Technique', 'Planifié', '06 Mois', 'Oui', NULL, NULL, NULL, 12, 1320000, '2019-09-01', 15, 1080),
(241, 39, '1570', 'DEGHAR', 'ABDENACER', 'OPERATEUR SALLE DE CONTRÔLE', 'Direction de Production', 'Maitrise', 'Mise à niveau du personnel de production', '2019-04-07', '2019-04-25', 78093, 15, 90, 'Formation', 'CFIC', 'Hors entreprise', 'CFIC', 'Technique', 'Planifié', '06 Mois', 'Oui', NULL, NULL, NULL, 12, 1320000, '2019-09-01', 15, 1080),
(242, 41, '1715', 'KADRI', 'DJELEL', 'TECHNICIEN EN ELECTRICITE', 'Direction de Production', 'Maitrise', 'Compresseurs', '2019-04-21', '2019-04-24', 83220, 5, 30, 'Perfectionnement', 'CFIC', 'Hors entreprise', 'CFIC', 'Technique', 'Planifié', '03 Mois', 'Oui', NULL, NULL, NULL, 8, 640000, '2019-04-01', 4, 192),
(243, 41, '1605', 'DOUIDA', 'ABDERRAHMANE', 'INGENIEUR EN ELECTROTECHNIQUE', 'Direction de Production', 'Cadre', 'Compresseurs', '2019-04-21', '2019-04-24', 83220, 5, 30, 'Perfectionnement', 'CFIC', 'Hors entreprise', 'CFIC', 'Technique', 'Planifié', '03 Mois', 'Oui', NULL, NULL, NULL, 8, 640000, '2019-04-01', 4, 192),
(244, 41, '1690', 'SAFIDDINE', 'SAID', 'TECHNICIEN EN AUTOMATISME', 'Direction de Production', 'Maitrise', 'Compresseurs', '2019-04-21', '2019-04-24', 83220, 5, 30, 'Perfectionnement', 'CFIC', 'Hors entreprise', 'CFIC', 'Technique', 'Planifié', '03 Mois', 'Oui', NULL, NULL, NULL, 8, 640000, '2019-04-01', 4, 192),
(245, 41, '1293', 'SAKHRI', 'AZZEDDINE', 'INGENIEUR EN AUTOMATISME', 'Direction de Production', 'Cadre', 'Compresseurs', '2019-04-21', '2019-04-24', 83220, 5, 30, 'Perfectionnement', 'CFIC', 'Hors entreprise', 'CFIC', 'Technique', 'Planifié', '03 Mois', 'Oui', NULL, NULL, NULL, 8, 640000, '2019-04-01', 4, 192),
(246, 41, '1640', 'TORCHI', 'AMOR', 'TECHNICIEN SUPERIEUR EN ELECTROTECHNIQUE', 'Direction de Production', 'Maitrise', 'Compresseurs', '2019-04-21', '2019-04-24', 83220, 5, 30, 'Perfectionnement', 'CFIC', 'Hors entreprise', 'CFIC', 'Technique', 'Planifié', '03 Mois', 'Oui', NULL, NULL, NULL, 8, 640000, '2019-04-01', 4, 192),
(247, 41, '1712', 'LEBCIR', 'OMAR', 'AUTOMATICIEN', 'Direction de Production', 'Maitrise', 'Compresseurs', '2019-04-21', '2019-04-24', 83220, 5, 30, 'Perfectionnement', 'CFIC', 'Hors entreprise', 'CFIC', 'Technique', 'Planifié', '03 Mois', 'Oui', NULL, NULL, NULL, 8, 640000, '2019-04-01', 4, 192),
(248, 1, '1585', 'DAHMANI', 'HICHEM', 'GESTIONNAIRE DES STOCKS', 'Direction des Approvisionnements', 'Maitrise', 'Gestion des achats', '2019-04-23', '2019-04-25', 63248, 3, 18, 'Perfectionnement', 'CFIC', 'Hors entreprise', 'CFIC', 'Management', 'Planifié', '03 Mois', 'Oui', NULL, NULL, NULL, 3, 180000, '2019-03-01', 3, 54),
(249, 1, '1669', 'ADOUANE', 'YACINE', 'CHAUFFEUR/ACHETEUR', 'Direction des Approvisionnements', 'Maitrise', 'Gestion des achats', '2019-04-23', '2019-04-25', 63248, 3, 18, 'Perfectionnement', 'CFIC', 'Hors entreprise', 'CFIC', 'Management', 'Planifié', '03 Mois', 'Oui', NULL, NULL, NULL, 3, 180000, '2019-03-01', 3, 54),
(250, 1, '1548', 'KADEM', 'MOURAD', 'Agent de transite chargé douane', 'Direction des Approvisionnements', 'Maitrise', 'Gestion des achats', '2019-04-23', '2019-04-25', 63248, 3, 18, 'Perfectionnement', 'CFIC', 'Hors entreprise', 'CFIC', 'Management', 'Planifié', '03 Mois', 'Oui', NULL, NULL, NULL, 3, 180000, '2019-03-01', 3, 54),
(251, 1, '719', 'ABDELI', 'BILLEL', 'BASCULIER', 'Direction des Approvisionnements', 'Execution', 'Gestion des achats', '2019-04-23', '2019-04-25', 63248, 3, 18, 'Perfectionnement', 'CFIC', 'Hors entreprise', 'CFIC', 'Management', 'Planifié', '03 Mois', 'Oui', NULL, NULL, NULL, 3, 180000, '2019-03-01', 3, 54),
(252, 35, '1359', 'FERDJALLAH', 'DJAAFAR', 'CHEF SECTION COMPTABILITE ANALYTIQUE', 'Direction des Finances et Budget', 'Cadre', 'Méthodes de calcul de cout', '2019-04-28', '2019-04-30', 56554, 3, 18, 'Formation', 'CFIC', 'Hors entreprise', 'CFIC', 'Management', 'Planifié', '03 Mois', 'Oui', NULL, NULL, NULL, 3, 216000, '2019-03-01', 4, 72),
(253, 35, '1360', 'NECHNACHE', 'FATINE', 'COMPTABLE', 'Direction des Finances et Budget', 'Maitrise', 'Méthodes de calcul de cout', '2019-04-28', '2019-04-30', 56554, 3, 18, 'Formation', 'CFIC', 'Hors entreprise', 'CFIC', 'Management', 'Planifié', '03 Mois', 'Oui', NULL, NULL, NULL, 3, 216000, '2019-03-01', 4, 72),
(254, 35, '1382', 'ZOGHLAMI', 'RANIA', 'CADRE FINANCIER CHARGE CONTROLE DE LA GESTION', 'Direction des Finances et Budget', 'Cadre', 'Méthodes de calcul de cout', '2019-04-28', '2019-04-30', 56554, 3, 18, 'Formation', 'CFIC', 'Hors entreprise', 'CFIC', 'Management', 'Planifié', '03 Mois', 'Oui', NULL, NULL, NULL, 3, 216000, '2019-03-01', 4, 72),
(255, 35, '1383', 'BENADDAD', 'CHERIF', 'CADRE FINANCIER', 'Direction des Finances et Budget', 'Cadre', 'Méthodes de calcul de cout', '2019-04-28', '2019-04-30', 56554, 3, 18, 'Formation', 'CFIC', 'Hors entreprise', 'CFIC', 'Management', 'Planifié', '03 Mois', 'Oui', NULL, NULL, NULL, 3, 216000, '2019-03-01', 4, 72),
(256, 65, '907', 'BENSEDIRA', 'SIF EDDINE', 'AGENT DE SECURITE INDUSTRIEL', 'Direction de Développement Durable & Sécurité', 'Maitrise', 'Formation des délégués à l\'environnement', '2019-04-22', '2019-04-24', 67631, 3, 18, 'Formation', 'CFIC', 'Hors entreprise', 'CFIC', 'Environnement', 'Hors Plan', '0', NULL, NULL, NULL, NULL, 0, 0, NULL, 0, 0),
(257, 59, '836', 'BOUMAKHLOUF', 'MABROUK', 'CHEF SERVICE PROCESS', 'Direction de Production', 'Cadre', 'Vulgarisation du manuel de passation des marchés de la SCAEK', '2019-05-02', '2019-05-02', 0, 1, 6, 'Perfectionnement', 'Mr AICHOUR', 'Intra-entreprise', 'Interne', 'Management', 'Hors Plan', '0', NULL, NULL, NULL, NULL, 0, 0, '2019-01-01', 0, 0),
(258, 59, '1553', 'BENATHMANE', 'KHIR EDDINE', 'INGENIEUR EN ELECTRICITE INDUSTRIEL ET AUTOMATISME', 'Direction de Développement', 'Cadre', 'Vulgarisation du manuel de passation des marchés de la SCAEK', '2019-05-02', '2019-05-02', 0, 1, 6, 'Perfectionnement', 'Mr AICHOUR', 'Intra-entreprise', 'Interne', 'Management', 'Hors Plan', '0', NULL, NULL, NULL, NULL, 0, 0, '2019-01-01', 0, 0),
(259, 59, '23', 'SMARA', 'NADJLA', 'ASSISTANT DE DIRECTION', 'Direction des Ressources Humaines', 'Maitrise', 'Vulgarisation du manuel de passation des marchés de la SCAEK', '2019-05-02', '2019-05-02', 0, 1, 6, 'Perfectionnement', 'Mr AICHOUR', 'Intra-entreprise', 'Interne', 'Management', 'Hors Plan', '0', NULL, NULL, NULL, NULL, 0, 0, '2019-01-01', 0, 0),
(260, 59, '920', 'BOUSSA', 'SALIM', 'CHEF SERVICE INTERVENTION (SECU & ENVIR)', 'Direction de Développement Durable & Sécurité', 'Cadre', 'Vulgarisation du manuel de passation des marchés de la SCAEK', '2019-05-02', '2019-05-02', 0, 1, 6, 'Perfectionnement', 'Mr AICHOUR', 'Intra-entreprise', 'Interne', 'Management', 'Hors Plan', '0', NULL, NULL, NULL, NULL, 0, 0, '2019-01-01', 0, 0),
(261, 59, '1615', 'ADJIMI', 'YOUCEF', 'CHEF SERVICE ACHATS', 'Direction des Approvisionnements', 'Cadre', 'Vulgarisation du manuel de passation des marchés de la SCAEK', '2019-05-02', '2019-05-02', 0, 1, 6, 'Perfectionnement', 'Mr AICHOUR', 'Intra-entreprise', 'Interne', 'Management', 'Hors Plan', '0', NULL, NULL, NULL, NULL, 0, 0, '2019-01-01', 0, 0),
(262, 59, '512', 'LEKDIM', 'MUSTAPHA', 'ASSISTANT PDG NIV. I', 'Direction Générale', 'Cadre', 'Vulgarisation du manuel de passation des marchés de la SCAEK', '2019-05-02', '2019-05-02', 0, 1, 6, 'Perfectionnement', 'Mr AICHOUR', 'Intra-entreprise', 'Interne', 'Management', 'Hors Plan', '0', NULL, NULL, NULL, NULL, 0, 0, '2019-01-01', 0, 0),
(263, 59, '1550', 'CHAABNA', 'AHLEM', 'CHEF SERVICE PREVENTION ET PROTECTION DE L\'ENVIRONNEMENT', 'Direction Générale', 'Cadre', 'Vulgarisation du manuel de passation des marchés de la SCAEK', '2019-05-02', '2019-05-02', 0, 1, 6, 'Perfectionnement', 'Mr AICHOUR', 'Intra-entreprise', 'Interne', 'Management', 'Hors Plan', '0', NULL, NULL, NULL, NULL, 0, 0, '2019-01-01', 0, 0),
(264, 59, '2111', 'KHALED', 'FARES', 'CHEF SERVICE COMPTABILITE ANALYTIQUE', 'Direction des Finances et Budget', 'Cadre', 'Vulgarisation du manuel de passation des marchés de la SCAEK', '2019-05-02', '2019-05-02', 0, 1, 6, 'Perfectionnement', 'Mr AICHOUR', 'Intra-entreprise', 'Interne', 'Management', 'Hors Plan', '0', NULL, NULL, NULL, NULL, 0, 0, '2019-01-01', 0, 0),
(265, 59, '1735', 'BOURIACHI', 'ADEL', 'AGENT ADMINISTRATIF (CTA)', 'Direction des Ressources Humaines', 'Maitrise', 'Vulgarisation du manuel de passation des marchés de la SCAEK', '2019-05-02', '2019-05-02', 0, 1, 6, 'Perfectionnement', 'Mr AICHOUR', 'Intra-entreprise', 'Interne', 'Management', 'Hors Plan', '0', NULL, NULL, NULL, NULL, 0, 0, '2019-01-01', 0, 0),
(266, 59, '1561', 'DRIAS', 'YASSINE', 'CHEF SERVICE UTILITE', 'Direction de Production', 'Cadre', 'Vulgarisation du manuel de passation des marchés de la SCAEK', '2019-05-02', '2019-05-02', 0, 1, 6, 'Perfectionnement', 'Mr AICHOUR', 'Intra-entreprise', 'Interne', 'Management', 'Hors Plan', '0', NULL, NULL, NULL, NULL, 0, 0, '2019-01-01', 0, 0),
(267, 59, '845', 'ADJISSI', 'FOUED', 'CHEF DEPARTEMENT ELECTRICITE P/I', 'Direction de Production', 'Cadre', 'Vulgarisation du manuel de passation des marchés de la SCAEK', '2019-05-02', '2019-05-02', 0, 1, 6, 'Perfectionnement', 'Mr AICHOUR', 'Intra-entreprise', 'Interne', 'Management', 'Hors Plan', '0', NULL, NULL, NULL, NULL, 0, 0, '2019-01-01', 0, 0),
(268, 59, '1568', 'AMARA', 'ZOUBIR', 'CHEF DE ZONE CIMENTS', 'Direction de Production', 'Cadre', 'Vulgarisation du manuel de passation des marchés de la SCAEK', '2019-05-02', '2019-05-02', 0, 1, 6, 'Perfectionnement', 'Mr AICHOUR', 'Intra-entreprise', 'Interne', 'Management', 'Hors Plan', '0', NULL, NULL, NULL, NULL, 0, 0, '2019-01-01', 0, 0),
(269, 59, '1558', 'CHENITI', 'SOFIENE', 'CHEF SERVICE ETUDES ET METHODES', 'Direction de Production', 'Cadre', 'Vulgarisation du manuel de passation des marchés de la SCAEK', '2019-05-02', '2019-05-02', 0, 1, 6, 'Perfectionnement', 'Mr AICHOUR', 'Intra-entreprise', 'Interne', 'Management', 'Hors Plan', '0', NULL, NULL, NULL, NULL, 0, 0, '2019-01-01', 0, 0),
(270, 59, '118', 'DAHEL', 'LAKHDAR', 'CHEF DE DEPARTEMENT COMMERCIAL', 'Diretion Commercial & Marketing', 'Cadre', 'Vulgarisation du manuel de passation des marchés de la SCAEK', '2019-05-02', '2019-05-02', 0, 1, 6, 'Perfectionnement', 'Mr AICHOUR', 'Intra-entreprise', 'Interne', 'Management', 'Hors Plan', '0', NULL, NULL, NULL, NULL, 0, 0, '2019-01-01', 0, 0),
(271, 56, '1294', 'GHANEM', 'ABDELHAKIM', 'INGENIEUR EN ELECTRICITE', 'Direction de Production', 'Cadre', 'Bilan énergétique pour atelier de cuisson, cru…….)', '2019-05-05', '2019-05-06', 8181, 2, 12, 'Formation', 'BEEERIP', 'Intra-entreprise', 'Externe', 'Technique', 'Planifié', '3 Mois', 'Oui', NULL, NULL, NULL, 2, 200000, '2019-03-01', 5, 60),
(272, 56, '1697', 'BENMANSOUR', 'ACHREF', 'INGENIEUR DE SYSTEME ENERGIE INDUSTRIEL', 'Direction de Développement Durable & Sécurité', 'Cadre', 'Bilan énergétique pour atelier de cuisson, cru…….)', '2019-05-05', '2019-05-06', 8181, 2, 12, 'Formation', 'BEEERIP', 'Intra-entreprise', 'Externe', 'Technique', 'Planifié', '3 Mois', 'Oui', NULL, NULL, NULL, 2, 200000, '2019-03-01', 5, 60),
(273, 56, '423', 'BERKANE', 'KARIM', 'CHEF SECTION PROCESS', 'Direction de Production', 'Cadre', 'Bilan énergétique pour atelier de cuisson, cru…….)', '2019-05-05', '2019-05-06', 8181, 2, 12, 'Formation', 'BEEERIP', 'Intra-entreprise', 'Externe', 'Technique', 'Planifié', '3 Mois', 'Oui', NULL, NULL, NULL, 2, 200000, '2019-03-01', 5, 60),
(274, 56, '1371', 'MESSAHLI', 'ABDELOUAHAB', 'CHEF SECTION PROCESS', 'Direction de Production', 'Cadre', 'Bilan énergétique pour atelier de cuisson, cru…….)', '2019-05-05', '2019-05-06', 8181, 2, 12, 'Formation', 'BEEERIP', 'Intra-entreprise', 'Externe', 'Technique', 'Planifié', '3 Mois', 'Oui', NULL, NULL, NULL, 2, 200000, '2019-03-01', 5, 60),
(275, 56, '421', 'YOUSFI', 'NABIL', 'CHEF DE QUART PRODUCTION', 'Direction de Production', 'Cadre', 'Bilan énergétique pour atelier de cuisson, cru…….)', '2019-05-05', '2019-05-06', 8181, 2, 12, 'Formation', 'BEEERIP', 'Intra-entreprise', 'Externe', 'Technique', 'Planifié', '3 Mois', 'Oui', NULL, NULL, NULL, 2, 200000, '2019-03-01', 5, 60),
(276, 56, '1712', 'LEBCIR', 'OMAR', 'AUTOMATICIEN', 'Direction de Production', 'Maitrise', 'Bilan énergétique pour atelier de cuisson, cru…….)', '2019-05-05', '2019-05-06', 8181, 2, 12, 'Formation', 'BEEERIP', 'Intra-entreprise', 'Externe', 'Technique', 'Planifié', '3 Mois', 'Oui', NULL, NULL, NULL, 2, 200000, '2019-03-01', 5, 60),
(277, 56, '1698', 'MENAA', 'ZINEDDINE', 'TECHNICIEN AUTOMATICIEN', 'Direction de Production', 'Maitrise', 'Bilan énergétique pour atelier de cuisson, cru…….)', '2019-05-05', '2019-05-06', 8181, 2, 12, 'Formation', 'BEEERIP', 'Intra-entreprise', 'Externe', 'Technique', 'Planifié', '3 Mois', 'Oui', NULL, NULL, NULL, 2, 200000, '2019-03-01', 5, 60),
(278, 56, '1296', 'HASSAD', 'ABDELHALIM', 'INGENIEUR EN ELECTRICITE', 'Direction de Production', 'Cadre', 'Bilan énergétique pour atelier de cuisson, cru…….)', '2019-05-05', '2019-05-06', 8181, 2, 12, 'Formation', 'BEEERIP', 'Intra-entreprise', 'Externe', 'Technique', 'Planifié', '3 Mois', 'Oui', NULL, NULL, NULL, 2, 200000, '2019-03-01', 5, 60),
(279, 56, '1603', 'MOUSLI', 'DJAMEL', 'INGENIEUR EN ELECTRONIQUE', 'Direction de Production', 'Cadre', 'Bilan énergétique pour atelier de cuisson, cru…….)', '2019-05-05', '2019-05-06', 8181, 2, 12, 'Formation', 'BEEERIP', 'Intra-entreprise', 'Externe', 'Technique', 'Planifié', '3 Mois', 'Oui', NULL, NULL, NULL, 2, 200000, '2019-03-01', 5, 60),
(280, 56, '1606', 'HESSAD', 'MOHAMMED AMINE', 'COORDINATEUR POSTE', 'Direction de Production', 'Cadre', 'Bilan énergétique pour atelier de cuisson, cru…….)', '2019-05-05', '2019-05-06', 8181, 2, 12, 'Formation', 'BEEERIP', 'Intra-entreprise', 'Externe', 'Technique', 'Planifié', '3 Mois', 'Oui', NULL, NULL, NULL, 2, 200000, '2019-03-01', 5, 60),
(281, 56, '1690', 'SAFIDDINE', 'SAID', 'TECHNICIEN EN AUTOMATISME', 'Direction de Production', 'Maitrise', 'Bilan énergétique pour atelier de cuisson, cru…….)', '2019-05-05', '2019-05-06', 8181, 2, 12, 'Formation', 'BEEERIP', 'Intra-entreprise', 'Externe', 'Technique', 'Planifié', '3 Mois', 'Oui', NULL, NULL, NULL, 2, 200000, '2019-03-01', 5, 60),
(282, 39, '1560', 'MAHMOUDI', 'ABDELKADER', 'OPERATEUR SALLE DE CONTRÔLE', 'Direction de Production', 'Maitrise', 'Mise à niveau du personnel de production', '2019-05-01', '2019-05-16', 83300, 15, 90, 'Formation', 'CFIC', 'Intra-entreprise', 'CFIC', 'Technique', 'Planifié', '06 Mois', 'Oui', NULL, NULL, NULL, 12, 1320000, '2019-09-01', 15, 1080),
(283, 39, '1566', 'LAHLALI', 'BEDREDINE', 'OPERATEUR SALLE DE CONTROLE NIV 1', 'Direction de Production', 'Cadre', 'Mise à niveau du personnel de production', '2019-05-01', '2019-05-16', 83300, 15, 90, 'Formation', 'CFIC', 'Intra-entreprise', 'CFIC', 'Technique', 'Planifié', '06 Mois', 'Oui', NULL, NULL, NULL, 12, 1320000, '2019-09-01', 15, 1080),
(284, 39, '827', 'DAHEL', 'KARIM', 'CHEF DE POSTE PRODUCTION', 'Direction de Production', 'Cadre', 'Mise à niveau du personnel de production', '2019-05-01', '2019-05-16', 83300, 15, 90, 'Formation', 'CFIC', 'Intra-entreprise', 'CFIC', 'Technique', 'Planifié', '06 Mois', 'Oui', NULL, NULL, NULL, 12, 1320000, '2019-09-01', 15, 1080),
(285, 39, '1259', 'ABDERREZAK', 'KAMEL', 'RONDIER', 'Direction de Production', 'Maitrise', 'Mise à niveau du personnel de production', '2019-05-01', '2019-05-16', 83300, 15, 90, 'Formation', 'CFIC', 'Intra-entreprise', 'CFIC', 'Technique', 'Planifié', '06 Mois', 'Oui', NULL, NULL, NULL, 12, 1320000, '2019-09-01', 15, 1080),
(286, 39, '1313', 'ZENAZEL', 'KARIM', 'RONDIER', 'Direction de Production', 'Maitrise', 'Mise à niveau du personnel de production', '2019-05-01', '2019-05-16', 83300, 15, 90, 'Formation', 'CFIC', 'Intra-entreprise', 'CFIC', 'Technique', 'Planifié', '06 Mois', 'Non', NULL, NULL, NULL, 12, 1320000, '2019-09-01', 15, 1080),
(287, 39, '1728', 'KEMOUCHE', 'KHIREDDINE', 'RONDIER (CTA)', 'Direction de Production', 'Maitrise', 'Mise à niveau du personnel de production', '2019-05-01', '2019-05-16', 83300, 15, 90, 'Formation', 'CFIC', 'Intra-entreprise', 'CFIC', 'Technique', 'Planifié', '06 Mois', 'Oui', NULL, NULL, NULL, 12, 1320000, '2019-09-01', 15, 1080),
(288, 39, '1726', 'AZZOUZ', 'ABDENOUR', 'RONDIER', 'Direction de Production', 'Maitrise', 'Mise à niveau du personnel de production', '2019-05-01', '2019-05-16', 83300, 15, 90, 'Formation', 'CFIC', 'Intra-entreprise', 'CFIC', 'Technique', 'Planifié', '06 Mois', 'Oui', NULL, NULL, NULL, 12, 1320000, '2019-09-01', 15, 1080),
(289, 39, '504', 'BOUCHAHMA', 'KHIER', 'OPERATEUR SALLE DE CONTROL PRINCIPAL', 'Direction de Production', 'Cadre', 'Mise à niveau du personnel de production', '2019-05-19', '2019-06-06', 78093, 15, 90, 'Formation', 'CFIC', 'Intra-entreprise', 'CFIC', 'Technique', 'Planifié', '06 Mois', 'Oui', NULL, NULL, NULL, 12, 1320000, '2019-09-01', 15, 1080),
(290, 39, '425', 'KADRI', 'SOFIENNE', 'OPERATEUR SALLE DE CONTRÔLE', 'Direction de Production', 'Maitrise', 'Mise à niveau du personnel de production', '2019-05-19', '2019-06-06', 78093, 15, 90, 'Formation', 'CFIC', 'Intra-entreprise', 'CFIC', 'Technique', 'Planifié', '06 Mois', 'Oui', NULL, NULL, NULL, 12, 1320000, '2019-09-01', 15, 1080),
(291, 39, '833', 'KADA', 'BADREDDINE', 'CHEF DE POSTE PRODUCTION', 'Direction de Production', 'Cadre', 'Mise à niveau du personnel de production', '2019-05-19', '2019-06-06', 78093, 15, 90, 'Formation', 'CFIC', 'Intra-entreprise', 'CFIC', 'Technique', 'Planifié', '06 Mois', 'Oui', NULL, NULL, NULL, 12, 1320000, '2019-09-01', 15, 1080),
(292, 39, '1567', 'BENHAMA', 'YOUCEF', 'CHEF DE POSTE PRODUCTION', 'Direction de Production', 'Cadre', 'Mise à niveau du personnel de production', '2019-05-19', '2019-06-06', 78093, 15, 90, 'Formation', 'CFIC', 'Intra-entreprise', 'CFIC', 'Technique', 'Planifié', '06 Mois', 'Oui', NULL, NULL, NULL, 12, 1320000, '2019-09-01', 15, 1080),
(293, 39, '1298', 'BENAINA', 'HAKIM', 'RONDIER', 'Direction de Production', 'Maitrise', 'Mise à niveau du personnel de production', '2019-05-19', '2019-06-06', 78093, 15, 90, 'Formation', 'CFIC', 'Intra-entreprise', 'CFIC', 'Technique', 'Planifié', '06 Mois', 'Oui', NULL, NULL, NULL, 12, 1320000, '2019-09-01', 15, 1080),
(294, 39, '1725', 'TOBAL', 'YASSINE', 'RONDIER (CTA)', 'Direction de Production', 'Maitrise', 'Mise à niveau du personnel de production', '2019-05-19', '2019-06-06', 78093, 15, 90, 'Formation', 'CFIC', 'Intra-entreprise', 'CFIC', 'Technique', 'Planifié', '06 Mois', 'Oui', NULL, NULL, NULL, 12, 1320000, '2019-09-01', 15, 1080),
(295, 39, '1664', 'KHALED', 'SALAH EDDINE', 'RONDIER', 'Direction de Production', 'Maitrise', 'Mise à niveau du personnel de production', '2019-05-19', '2019-06-06', 78093, 15, 90, 'Formation', 'CFIC', 'Intra-entreprise', 'CFIC', 'Technique', 'Planifié', '06 Mois', 'Oui', NULL, NULL, NULL, 12, 1320000, '2019-09-01', 15, 1080),
(296, 39, '1697', 'BENMANSOUR', 'ACHREF', 'INGENIEUR DE SYSTEME ENERGIE INDUSTRIEL', 'Direction de Développement Durable & Sécurité', 'Cadre', 'Mise à niveau du personnel de production', '2019-05-19', '2019-06-06', 78093, 15, 90, 'Formation', 'CFIC', 'Intra-entreprise', 'CFIC', 'Technique', 'Planifié', '06 Mois', 'Oui', NULL, NULL, NULL, 12, 1320000, '2019-09-01', 15, 1080),
(297, 73, '920', 'BOUSSA', 'SALIM', 'CHEF SERVICE INTERVENTION (SECU & ENVIR)', 'Direction de Développement Durable & Sécurité', 'Cadre', 'Formation NEBOSCH', '2019-06-09', '2019-06-29', 420069, 12, 72, 'Perfectionnement', 'CFIC', 'Hors entreprise', 'CFIC', 'Sécurité', 'Hors Plan', '0', 'Oui', NULL, NULL, NULL, 0, 0, NULL, 0, 0),
(298, 12, '597', 'LAOUER', 'WALID', 'INGENIEUR EN GENIE CIVIL', 'Direction de Développement', 'Cadre', 'Gestion des projets', '2019-06-16', '2019-06-20', 76415, 5, 30, 'Formation', 'CFIC', 'Hors entreprise', 'CFIC', 'Management', 'Planifié', '03 Mois', 'Oui', NULL, NULL, NULL, 2, 210000, '2019-01-01', 3, 36);
INSERT INTO `suivi_actions` (`N`, `N_Action`, `Matricule`, `Nom`, `Prenom`, `Fonction`, `Direction_affectation`, `Categorie`, `Intitule_formation`, `Date_debut`, `Date_fin`, `Cout_formation`, `Nbre_jours`, `Nbre_heures`, `Type_formation`, `Organisme_formation`, `Lieu_formation`, `Lieu_formation_2`, `Type_formation_2`, `Planification`, `Periode_valuation_froid`, `Attestation_reçue`, `Avis_evaluation_organisme`, `Avis_retou_evaluation`, `Action_evaluation_insufisante`, `Prevision effectif`, `Previson_cout`, `Prevision_date_realisation`, `Prevision_Nbre_jours`, `Prevision_Nbre_heures`) VALUES
(299, 12, '1558', 'CHENITI', 'SOFIENE', 'CHEF SERVICE ETUDES ET METHODES', 'Direction de Production', 'Cadre', 'Gestion des projets', '2019-06-16', '2019-06-20', 76415, 5, 30, 'Formation', 'CFIC', 'Hors entreprise', 'CFIC', 'Management', 'Planifié', '03 Mois', 'Oui', NULL, NULL, NULL, 2, 210000, '2019-01-01', 3, 36),
(300, 12, '1559', 'BOUSSAFSAF', 'WALID', 'Ingenieur en mécanique industriel', 'Direction de Production', 'Cadre', 'Gestion des projets', '2019-06-16', '2019-06-20', 76415, 5, 30, 'Formation', 'CFIC', 'Hors entreprise', 'CFIC', 'Management', 'Planifié', '03 Mois', 'Oui', NULL, NULL, NULL, 2, 210000, '2019-01-01', 3, 36),
(301, 12, '865', 'MEZLI', 'ZIAD', 'CHEF SERVICE MECANIQUE', 'Direction de Production', 'Cadre', 'Gestion des projets', '2019-06-16', '2019-06-20', 76415, 5, 30, 'Formation', 'CFIC', 'Hors entreprise', 'CFIC', 'Management', 'Planifié', '03 Mois', 'Oui', NULL, NULL, NULL, 2, 210000, '2019-01-01', 3, 36),
(302, 12, '841', 'KOUCHIT', 'HASSAN', 'CHEF DE ZONE CRU', 'Direction de Production', 'Cadre', 'Gestion des projets', '2019-06-16', '2019-06-20', 76415, 5, 30, 'Formation', 'CFIC', 'Hors entreprise', 'CFIC', 'Management', 'Planifié', '03 Mois', 'Oui', NULL, NULL, NULL, 2, 210000, '2019-01-01', 3, 36),
(303, 12, '1573', 'LATRECHE', 'KARIM', 'CHEF SERVICE AUTOMATISME', 'Direction de Production', 'Cadre', 'Gestion des projets', '2019-06-16', '2019-06-20', 76415, 5, 30, 'Formation', 'CFIC', 'Hors entreprise', 'CFIC', 'Management', 'Planifié', '03 Mois', 'Oui', NULL, NULL, NULL, 2, 210000, '2019-01-01', 3, 36),
(304, 12, '1553', 'BENATHMANE', 'KHIR EDDINE', 'INGENIEUR EN ELECTRICITE INDUSTRIEL ET AUTOMATISME', 'Direction de Développement', 'Cadre', 'Gestion des projets', '2019-06-16', '2019-06-20', 76415, 5, 30, 'Formation', 'CFIC', 'Hors entreprise', 'CFIC', 'Management', 'Planifié', '03 Mois', 'Oui', NULL, NULL, NULL, 2, 210000, '2019-01-01', 3, 36),
(305, 10, '1602', 'FERRAS', 'SALIM', 'MAGASINIER', 'Diretion Commercial & Marketing', 'Execution', 'Les techniques de vente et Marketing', '2019-06-16', '2019-06-20', 103827, 5, 30, 'Formation', 'CFIC', 'Hors entreprise', 'CFIC', 'Management', 'Planifié', '6 Mois', 'Oui', NULL, NULL, NULL, 2, 180000, '2019-05-01', 3, 36),
(306, 10, '1201', 'ZEDADKA', 'AMMAR', 'AGENT COMMERCIAL', 'Diretion Commercial & Marketing', 'Execution', 'Les techniques de vente et Marketing', '2019-06-16', '2019-06-20', 103827, 5, 30, 'Formation', 'CFIC', 'Hors entreprise', 'CFIC', 'Management', 'Planifié', '6 Mois', 'Oui', NULL, NULL, NULL, 2, 180000, '2019-05-01', 3, 36),
(307, 10, '1722', 'KOUACHI', 'NOURI', 'AGENT COMMERCIAL (CTA)', 'Diretion Commercial & Marketing', 'Execution', 'Les techniques de vente et Marketing', '2019-06-16', '2019-06-20', 103827, 5, 30, 'Formation', 'CFIC', 'Hors entreprise', 'CFIC', 'Management', 'Planifié', '6 Mois', 'Oui', NULL, NULL, NULL, 2, 180000, '2019-05-01', 3, 36),
(308, 10, '1616', 'BENCHIKH', 'KHALIL', 'AGENT COMMERCIAL', 'Diretion Commercial & Marketing', 'Execution', 'Les techniques de vente et Marketing', '2019-06-16', '2019-06-20', 103827, 5, 30, 'Formation', 'CFIC', 'Hors entreprise', 'CFIC', 'Management', 'Planifié', '6 Mois', 'Oui', NULL, NULL, NULL, 2, 180000, '2019-05-01', 3, 36),
(309, 7, '1295', 'OUADFEL', 'ABDELAZIZ', 'INGENIEUR EN ELECTRICITE', 'Direction de Production', 'Cadre', 'Variateur vitesse (SINAMICS , MICROMASTER et SIMOVERT)', '2019-06-16', '2019-06-20', 71846, 5, 30, 'Perfectionnement', 'CFIC', 'Hors entreprise', 'CFIC', 'Technique', 'Planifié', '6 Mois', 'Oui', NULL, NULL, NULL, 6, 600000, '2019-05-01', 5, 180),
(310, 7, '1606', 'HESSAD', 'MOHAMMED AMINE', 'COORDINATEUR POSTE', 'Direction de Production', 'Cadre', 'Variateur vitesse (SINAMICS , MICROMASTER et SIMOVERT)', '2019-06-16', '2019-06-20', 71846, 5, 30, 'Perfectionnement', 'CFIC', 'Hors entreprise', 'CFIC', 'Technique', 'Planifié', '6 Mois', 'Oui', NULL, NULL, NULL, 6, 600000, '2019-05-01', 5, 180),
(311, 7, '1658', 'ACHER', 'AISSA', 'INGENIEUR EN ELECTRICITE', 'Direction de Production', 'Cadre', 'Variateur vitesse (SINAMICS , MICROMASTER et SIMOVERT)', '2019-06-16', '2019-06-20', 71846, 5, 30, 'Perfectionnement', 'CFIC', 'Hors entreprise', 'CFIC', 'Technique', 'Planifié', '6 Mois', 'Oui', NULL, NULL, NULL, 6, 600000, '2019-05-01', 5, 180),
(312, 7, '1294', 'GHANEM', 'ABDELHAKIM', 'INGENIEUR EN ELECTRICITE', 'Direction de Production', 'Cadre', 'Variateur vitesse (SINAMICS , MICROMASTER et SIMOVERT)', '2019-06-16', '2019-06-20', 71846, 5, 30, 'Perfectionnement', 'CFIC', 'Hors entreprise', 'CFIC', 'Technique', 'Planifié', '6 Mois', 'Oui', NULL, NULL, NULL, 6, 600000, '2019-05-01', 5, 180),
(313, 7, '1549', 'HADDAR', 'ABDERRAZEK', 'INGENIEUR EN ELECTROTECHNIQUE', 'Direction de Production', 'Cadre', 'Variateur vitesse (SINAMICS , MICROMASTER et SIMOVERT)', '2019-06-16', '2019-06-20', 71846, 5, 30, 'Perfectionnement', 'CFIC', 'Hors entreprise', 'CFIC', 'Technique', 'Planifié', '6 Mois', 'Oui', NULL, NULL, NULL, 6, 600000, '2019-05-01', 5, 180),
(314, 7, '1686', 'AYAT', 'LAKHDER', 'TECHNICIEN EN AUTOMATISME', 'Direction de Production', 'Maitrise', 'Variateur vitesse (SINAMICS , MICROMASTER et SIMOVERT)', '2019-06-16', '2019-06-20', 71846, 5, 30, 'Perfectionnement', 'CFIC', 'Hors entreprise', 'CFIC', 'Technique', 'Planifié', '6 Mois', 'Oui', NULL, NULL, NULL, 6, 600000, '2019-05-01', 5, 180),
(315, 7, '1620', 'LAMIRI', 'HAMZA', 'INGENIEUR EN ELECTROTECHNIQUE', 'Direction de Production', 'Cadre', 'Variateur vitesse (SINAMICS , MICROMASTER et SIMOVERT)', '2019-06-16', '2019-06-20', 71846, 5, 30, 'Perfectionnement', 'CFIC', 'Hors entreprise', 'CFIC', 'Technique', 'Planifié', '6 Mois', 'Oui', NULL, NULL, NULL, 6, 600000, '2019-05-01', 5, 180),
(316, 7, '1292', 'ZEGHMOUR', 'BELKACEM', 'INGENIEUR EN AUTOMATISME', 'Direction de Production', 'Cadre', 'Variateur vitesse (SINAMICS , MICROMASTER et SIMOVERT)', '2019-06-16', '2019-06-20', 71846, 5, 30, 'Perfectionnement', 'CFIC', 'Hors entreprise', 'CFIC', 'Technique', 'Planifié', '6 Mois', 'Oui', NULL, NULL, NULL, 6, 600000, '2019-05-01', 5, 180),
(317, 39, '828', 'BENLAKEHAL', 'YAHIA ABDENOR', 'OPERATEUR SALLE DE CONTROL PRINCIPAL', 'Direction de Production', 'Cadre', 'Mise à niveau du personnel de production', '2019-06-16', '2019-07-04', 89250, 15, 90, 'Formation', 'CFIC', 'Intra-entreprise', 'CFIC', 'Technique', 'Planifié', '06 Mois', 'Oui', NULL, NULL, NULL, 12, 1320000, '2019-09-01', 15, 1080),
(318, 39, '837', 'LOUNIS', 'BACHIR', 'CHEF DE POSTE PRODUCTION', 'Direction de Production', 'Cadre', 'Mise à niveau du personnel de production', '2019-06-16', '2019-07-04', 89250, 15, 90, 'Formation', 'CFIC', 'Intra-entreprise', 'CFIC', 'Technique', 'Planifié', '06 Mois', 'Oui', NULL, NULL, NULL, 12, 1320000, '2019-09-01', 15, 1080),
(319, 39, '1661', 'ROUABHI', 'MOULOUD', 'RONDIER', 'Direction de Production', 'Maitrise', 'Mise à niveau du personnel de production', '2019-06-16', '2019-07-04', 89250, 15, 90, 'Formation', 'CFIC', 'Intra-entreprise', 'CFIC', 'Technique', 'Planifié', '06 Mois', 'Oui', NULL, NULL, NULL, 12, 1320000, '2019-09-01', 15, 1080),
(320, 39, '1268', 'BENBOUDINA', 'SALAH', 'RONDIER', 'Direction de Production', 'Maitrise', 'Mise à niveau du personnel de production', '2019-06-16', '2019-07-04', 89250, 15, 90, 'Formation', 'CFIC', 'Intra-entreprise', 'CFIC', 'Technique', 'Planifié', '06 Mois', 'Oui', NULL, NULL, NULL, 12, 1320000, '2019-09-01', 15, 1080),
(321, 39, '1302', 'AFOUN', 'ANIS', 'RONDIER', 'Direction de Production', 'Maitrise', 'Mise à niveau du personnel de production', '2019-06-16', '2019-07-04', 89250, 15, 90, 'Formation', 'CFIC', 'Intra-entreprise', 'CFIC', 'Technique', 'Planifié', '06 Mois', 'Oui', NULL, NULL, NULL, 12, 1320000, '2019-09-01', 15, 1080),
(322, 39, '450', 'BOUCENNA', 'KAIS', 'TECHNICIEN EN MECANIQUE', 'Direction de Production', 'Maitrise', 'Mise à niveau du personnel de production', '2019-06-16', '2019-07-04', 89250, 15, 90, 'Formation', 'CFIC', 'Intra-entreprise', 'CFIC', 'Technique', 'Planifié', '06 Mois', 'Oui', NULL, NULL, NULL, 12, 1320000, '2019-09-01', 15, 1080),
(323, 39, '592', 'SOUICI', 'ABDESSLEM', 'METREUR VERIFICATEUR', 'Direction de Développement', 'Maitrise', 'Mise à niveau du personnel de production', '2019-06-16', '2019-07-04', 89250, 15, 90, 'Formation', 'CFIC', 'Intra-entreprise', 'CFIC', 'Technique', 'Planifié', '06 Mois', 'Oui', NULL, NULL, NULL, 12, 1320000, '2019-09-01', 15, 1080),
(324, 7, '1592', 'HENOUZE', 'RIAD', 'INGENIEUR DE SYSTEME', 'Direction de Production', 'Cadre', 'Variateur vitesse (SINAMICS , MICROMASTER et SIMOVERT)', '2019-06-23', '2019-06-27', 63659, 5, 30, 'Perfectionnement', 'CFIC', 'Hors entreprise', 'CFIC', 'Technique', 'Planifié', '6 Mois', 'Oui', NULL, NULL, NULL, 6, 600000, '2019-05-01', 5, 180),
(325, 7, '1557', 'BENATIA', 'ABDENACER', 'INGENIEUR EN ELECTROTECHNIQUE', 'Direction de Production', 'Cadre', 'Variateur vitesse (SINAMICS , MICROMASTER et SIMOVERT)', '2019-06-23', '2019-06-27', 63659, 5, 30, 'Perfectionnement', 'CFIC', 'Hors entreprise', 'CFIC', 'Technique', 'Planifié', '6 Mois', 'Oui', NULL, NULL, NULL, 6, 600000, '2019-05-01', 5, 180),
(326, 7, '1289', 'LAKEHAL', 'DJAMEL EDDINE', 'INGENIEUR EN ELECTRICITE', 'Direction de Production', 'Cadre', 'Variateur vitesse (SINAMICS , MICROMASTER et SIMOVERT)', '2019-06-23', '2019-06-27', 63659, 5, 30, 'Perfectionnement', 'CFIC', 'Hors entreprise', 'CFIC', 'Technique', 'Planifié', '6 Mois', 'Oui', NULL, NULL, NULL, 6, 600000, '2019-05-01', 5, 180),
(327, 7, '1612', 'TALBI', 'NOUREDDINE', 'INGENIEUR EN ELECTROTECHNIQUE', 'Direction de Production', 'Cadre', 'Variateur vitesse (SINAMICS , MICROMASTER et SIMOVERT)', '2019-06-23', '2019-06-27', 63659, 5, 30, 'Perfectionnement', 'CFIC', 'Hors entreprise', 'CFIC', 'Technique', 'Planifié', '6 Mois', 'Oui', NULL, NULL, NULL, 6, 600000, '2019-05-01', 5, 180),
(328, 7, '1603', 'MOUSLI', 'DJAMEL', 'INGENIEUR EN ELECTRONIQUE', 'Direction de Production', 'Cadre', 'Variateur vitesse (SINAMICS , MICROMASTER et SIMOVERT)', '2019-06-23', '2019-06-27', 63659, 5, 30, 'Perfectionnement', 'CFIC', 'Hors entreprise', 'CFIC', 'Technique', 'Planifié', '6 Mois', 'Oui', NULL, NULL, NULL, 6, 600000, '2019-05-01', 5, 180),
(329, 7, '1556', 'MECHTOUB', 'FOUAD', 'INGENIEUR EN ELECTROTECHNIQUE INDUSTRIEL', 'Direction de Production', 'Cadre', 'Variateur vitesse (SINAMICS , MICROMASTER et SIMOVERT)', '2019-06-23', '2019-06-27', 63659, 5, 30, 'Perfectionnement', 'CFIC', 'Hors entreprise', 'CFIC', 'Technique', 'Planifié', '6 Mois', 'Oui', NULL, NULL, NULL, 6, 600000, '2019-05-01', 5, 180),
(330, 7, '1590', 'TOUATI', 'ABBEREZEK', 'CHEF SERVICE AUTOMATISME P/I', 'Direction de Production', 'Cadre', 'Variateur vitesse (SINAMICS , MICROMASTER et SIMOVERT)', '2019-06-23', '2019-06-27', 63659, 5, 30, 'Perfectionnement', 'CFIC', 'Hors entreprise', 'CFIC', 'Technique', 'Planifié', '6 Mois', 'Oui', NULL, NULL, NULL, 6, 600000, '2019-05-01', 5, 180),
(331, 7, '1288', 'BOULIL', 'AHMED', 'INGENIEUR EN AUTOMATISME', 'Direction de Production', 'Cadre', 'Variateur vitesse (SINAMICS , MICROMASTER et SIMOVERT)', '2019-06-23', '2019-06-27', 63659, 5, 30, 'Perfectionnement', 'CFIC', 'Hors entreprise', 'CFIC', 'Technique', 'Planifié', '6 Mois', 'Oui', NULL, NULL, NULL, 6, 600000, '2019-05-01', 5, 180),
(332, 49, '202', 'BENSLIM', 'HAMOUDI', 'CHEF DE CARRIERE', 'Direction de Production', 'Cadre', 'Environnement dans les entreprises', '2019-06-23', '2019-06-27', 68292, 5, 30, 'Formation', 'CFIC', 'Hors entreprise', 'CFIC', 'Environnement', 'Planifié', '03 Mois', 'Oui', NULL, NULL, NULL, 3, 160000, '2019-03-01', 3, 54),
(333, 49, '1657', 'BOURBIE', 'BILLAL', 'INGENIEUR EN PREVENTION ET SECURITE INDUSTRIELLE', 'Direction de Développement', 'Cadre', 'Environnement dans les entreprises', '2019-06-23', '2019-06-27', 68292, 5, 30, 'Formation', 'CFIC', 'Hors entreprise', 'CFIC', 'Environnement', 'Planifié', '03 Mois', 'Oui', NULL, NULL, NULL, 3, 160000, '2019-03-01', 3, 54),
(334, 7, '1690', 'SAFIDDINE', 'SAID', 'TECHNICIEN EN AUTOMATISME', 'Direction de Production', 'Maitrise', 'Variateur vitesse (SINAMICS , MICROMASTER et SIMOVERT)', '2019-07-01', '2019-07-04', 80721, 5, 30, 'Formation', 'CFIC', 'Hors entreprise', 'CFIC', 'Technique', 'Planifié', '6 Mois', 'Oui', NULL, NULL, NULL, 6, 600000, '2019-05-01', 5, 180),
(335, 7, '1683', 'LEHOUAZI', 'MOUNIR', 'TECHNICIEN EN ELECTRICITE', 'Direction de Production', 'Maitrise', 'Variateur vitesse (SINAMICS , MICROMASTER et SIMOVERT)', '2019-07-01', '2019-07-04', 80721, 5, 30, 'Formation', 'CFIC', 'Hors entreprise', 'CFIC', 'Technique', 'Planifié', '6 Mois', 'Oui', NULL, NULL, NULL, 6, 600000, '2019-05-01', 5, 180),
(336, 7, '1646', 'LAASMI', 'RABAH', 'ELECTRICIEN INDUSTRIEL', 'Direction de Production', 'Maitrise', 'Variateur vitesse (SINAMICS , MICROMASTER et SIMOVERT)', '2019-07-01', '2019-07-04', 80721, 5, 30, 'Formation', 'CFIC', 'Hors entreprise', 'CFIC', 'Technique', 'Planifié', '6 Mois', 'Oui', NULL, NULL, NULL, 6, 600000, '2019-05-01', 5, 180),
(337, 7, '1680', 'ZENATI', 'MEROUANI', 'TECHNICIEN EN ELECTRICITE', 'Direction de Production', 'Maitrise', 'Variateur vitesse (SINAMICS , MICROMASTER et SIMOVERT)', '2019-07-01', '2019-07-04', 80721, 5, 30, 'Formation', 'CFIC', 'Hors entreprise', 'CFIC', 'Technique', 'Planifié', '6 Mois', 'Oui', NULL, NULL, NULL, 6, 600000, '2019-05-01', 5, 180),
(338, 7, '1687', 'YOUSFI', 'HAOUES', 'AUTOMATICIEN', 'Direction de Production', 'Maitrise', 'Variateur vitesse (SINAMICS , MICROMASTER et SIMOVERT)', '2019-07-01', '2019-07-04', 80721, 5, 30, 'Formation', 'CFIC', 'Hors entreprise', 'CFIC', 'Technique', 'Planifié', '6 Mois', 'Oui', NULL, NULL, NULL, 6, 600000, '2019-05-01', 5, 180),
(339, 7, '1694', 'KEMOUCHE', 'LAHCENE', 'AUTOMATICIEN', 'Direction de Production', 'Maitrise', 'Variateur vitesse (SINAMICS , MICROMASTER et SIMOVERT)', '2019-07-01', '2019-07-04', 80721, 5, 30, 'Formation', 'CFIC', 'Hors entreprise', 'CFIC', 'Technique', 'Planifié', '6 Mois', 'Oui', NULL, NULL, NULL, 6, 600000, '2019-05-01', 5, 180),
(340, 29, '1617', 'FERRAH', 'ABD EL GHANI', 'CHEF SECTION ATELIER ELECTRICITE', 'Direction de Production', 'Cadre', 'Formation sur le logiciel GMAO (Coswin)', '2019-07-01', '2019-07-04', 125148, 5, 30, 'Perfectionnement', 'CFIC', 'Hors entreprise', 'CFIC', 'Technique', 'Planifié', '6 Mois', 'Oui', NULL, NULL, NULL, 5, 300000, '2019-05-01', 3, 90),
(341, 29, '627', 'BOUCHAREB', 'AZIZ', 'PREPARATEUR BEP', 'Direction de Production', 'Cadre', 'Formation sur le logiciel GMAO (Coswin)', '2019-07-01', '2019-07-04', 125148, 5, 30, 'Perfectionnement', 'CFIC', 'Hors entreprise', 'CFIC', 'Technique', 'Planifié', '6 Mois', 'Oui', NULL, NULL, NULL, 5, 300000, '2019-05-01', 3, 90),
(342, 29, '1645', 'BENCHERIF', 'ADEL', 'PREPARATEUR (ZONE CIMENT)', 'Direction de Production', 'Cadre', 'Formation sur le logiciel GMAO (Coswin)', '2019-07-01', '2019-07-04', 125148, 5, 30, 'Perfectionnement', 'CFIC', 'Hors entreprise', 'CFIC', 'Technique', 'Planifié', '6 Mois', 'Oui', NULL, NULL, NULL, 5, 300000, '2019-05-01', 3, 90),
(343, 74, '1291', 'MAMACHE', 'BILLEL', 'INGENIEUR EN AUTOMATISME', 'Direction de Production', 'Cadre', 'Le Système de Détection Incendie EDWARDS', '2019-07-07', '2019-07-11', 0, 5, 30, 'Formation', 'TKIS', 'Intra-entreprise', 'Externe', 'Sécurité', 'Hors Plan', '0', NULL, NULL, NULL, NULL, 0, 0, NULL, 0, 0),
(344, 74, '1620', 'LAMIRI', 'HAMZA', 'INGENIEUR EN ELECTROTECHNIQUE', 'Direction de Production', 'Cadre', 'Le Système de Détection Incendie EDWARDS', '2019-07-07', '2019-07-11', 0, 5, 30, 'Formation', 'TKIS', 'Intra-entreprise', 'Externe', 'Sécurité', 'Hors Plan', '0', NULL, NULL, NULL, NULL, 0, 0, NULL, 0, 0),
(345, 74, '919', 'SABER', 'KHALED', 'CHEF DE QUART SECURITE', 'Direction de Développement Durable & Sécurité', 'Maitrise', 'Le Système de Détection Incendie EDWARDS', '2019-07-07', '2019-07-11', 0, 5, 30, 'Formation', 'TKIS', 'Intra-entreprise', 'Externe', 'Sécurité', 'Hors Plan', '0', NULL, NULL, NULL, NULL, 0, 0, NULL, 0, 0),
(346, 74, '915', 'BOUMEKHILA', 'NABIL', 'CHEF DE QUART SECURITE', 'Direction de Développement Durable & Sécurité', 'Maitrise', 'Le Système de Détection Incendie EDWARDS', '2019-07-07', '2019-07-11', 0, 5, 30, 'Formation', 'TKIS', 'Intra-entreprise', 'Externe', 'Sécurité', 'Hors Plan', '0', NULL, NULL, NULL, NULL, 0, 0, NULL, 0, 0),
(347, 74, '1695', 'DIFEL', 'ABDELHAFIDH', 'TECHNICIEN EN AUTOMATISME', 'Direction de Production', 'Maitrise', 'Le Système de Détection Incendie EDWARDS', '2019-07-07', '2019-07-11', 0, 5, 30, 'Formation', 'TKIS', 'Intra-entreprise', 'Externe', 'Sécurité', 'Hors Plan', '0', NULL, NULL, NULL, NULL, 0, 0, NULL, 0, 0),
(348, 74, '913', 'LABABSA', 'SOUFIANE', 'CHEF DE QUART SECURITE', 'Direction de Développement Durable & Sécurité', 'Maitrise', 'Le Système de Détection Incendie EDWARDS', '2019-07-07', '2019-07-11', 0, 5, 30, 'Formation', 'TKIS', 'Intra-entreprise', 'Externe', 'Sécurité', 'Hors Plan', '0', NULL, NULL, NULL, NULL, 0, 0, NULL, 0, 0),
(349, 74, '900', 'SALHI', 'NADIR', 'AGENT DE SECURITE INDUSTRIEL', 'Direction de Développement Durable & Sécurité', 'Maitrise', 'Le Système de Détection Incendie EDWARDS', '2019-07-07', '2019-07-11', 0, 5, 30, 'Formation', 'TKIS', 'Intra-entreprise', 'Externe', 'Sécurité', 'Hors Plan', '0', NULL, NULL, NULL, NULL, 0, 0, NULL, 0, 0),
(350, 74, '1705', 'MANSOURI', 'ABDERRAHMANE', 'TECHNICIEN EN ELECTRICITE', 'Direction de Production', 'Maitrise', 'Le Système de Détection Incendie EDWARDS', '2019-07-07', '2019-07-11', 0, 5, 30, 'Formation', 'TKIS', 'Intra-entreprise', 'Externe', 'Sécurité', 'Hors Plan', '0', NULL, NULL, NULL, NULL, 0, 0, NULL, 0, 0),
(351, 74, '1694', 'KEMOUCHE', 'LAHCENE', 'AUTOMATICIEN', 'Direction de Production', 'Maitrise', 'Le Système de Détection Incendie EDWARDS', '2019-07-07', '2019-07-11', 0, 5, 30, 'Formation', 'TKIS', 'Intra-entreprise', 'Externe', 'Sécurité', 'Hors Plan', '0', NULL, NULL, NULL, NULL, 0, 0, NULL, 0, 0),
(352, 74, '1710', 'ARIBA', 'BOUBAKEUR', 'AUTOMATICIEN', 'Direction de Production', 'Maitrise', 'Le Système de Détection Incendie EDWARDS', '2019-07-07', '2019-07-11', 0, 5, 30, 'Formation', 'TKIS', 'Intra-entreprise', 'Externe', 'Sécurité', 'Hors Plan', '0', NULL, NULL, NULL, NULL, 0, 0, NULL, 0, 0),
(353, 74, '1658', 'ACHER', 'AISSA', 'INGENIEUR EN ELECTRICITE', 'Direction de Production', 'Cadre', 'Le Système de Détection Incendie EDWARDS', '2019-07-07', '2019-07-11', 0, 5, 30, 'Formation', 'TKIS', 'Intra-entreprise', 'Externe', 'Sécurité', 'Hors Plan', '0', NULL, NULL, NULL, NULL, 0, 0, NULL, 0, 0),
(354, 74, '1292', 'ZEGHMOUR', 'BELKACEM', 'INGENIEUR EN AUTOMATISME', 'Direction de Production', 'Cadre', 'Le Système de Détection Incendie EDWARDS', '2019-07-07', '2019-07-11', 0, 5, 30, 'Formation', 'TKIS', 'Intra-entreprise', 'Externe', 'Sécurité', 'Hors Plan', '0', NULL, NULL, NULL, NULL, 0, 0, NULL, 0, 0),
(355, 15, '86', 'GHERIB', 'RABAH', 'Chef DPT technologie de l\'information et de la Communication', 'Direction de Développement', 'Cadre', 'Cahiers des charges et contrats', '2019-07-09', '2019-07-11', 55573, 3, 18, 'Perfectionnement', 'CFIC', 'Hors entreprise', 'CFIC', 'Management', 'Planifié', '03 Mois', 'Oui', NULL, NULL, NULL, 6, 324000, '2019-05-01', 3, 108),
(356, 15, '1575', 'BOUIMA', 'RIDHA', 'CHEF DE DEPARTEMENT ACHAT', 'Direction des Approvisionnements', 'Cadre', 'Cahiers des charges et contrats', '2019-07-09', '2019-07-11', 55573, 3, 18, 'Perfectionnement', 'CFIC', 'Hors entreprise', 'CFIC', 'Management', 'Planifié', '03 Mois', 'Oui', NULL, NULL, NULL, 6, 324000, '2019-05-01', 3, 108),
(357, 15, '125', 'SAFIDDINE', 'HANI', 'CHEF SERVICE GESTION DES STOCKS', 'Direction des Approvisionnements', 'Cadre', 'Cahiers des charges et contrats', '2019-07-09', '2019-07-11', 55573, 3, 18, 'Perfectionnement', 'CFIC', 'Hors entreprise', 'CFIC', 'Management', 'Planifié', '03 Mois', 'Oui', NULL, NULL, NULL, 6, 324000, '2019-05-01', 3, 108),
(358, 15, '87', 'ZABOUR', 'LYES', 'CHEF SERVICE GESTION DU PERSONNEL', 'Direction des Ressources Humaines', 'Cadre', 'Cahiers des charges et contrats', '2019-07-09', '2019-07-11', 55573, 3, 18, 'Perfectionnement', 'CFIC', 'Hors entreprise', 'CFIC', 'Management', 'Planifié', '03 Mois', 'Oui', NULL, NULL, NULL, 6, 324000, '2019-05-01', 3, 108),
(359, 15, '1599', 'FOUDI', 'KHALED', 'CHEF SERVICE COMPTABILITE GENERALE', 'Direction des Finances et Budget', 'Cadre', 'Cahiers des charges et contrats', '2019-07-09', '2019-07-11', 55573, 3, 18, 'Perfectionnement', 'CFIC', 'Hors entreprise', 'CFIC', 'Management', 'Planifié', '03 Mois', 'Oui', NULL, NULL, NULL, 6, 324000, '2019-05-01', 3, 108),
(360, 49, '913', 'LABABSA', 'SOUFIANE', 'CHEF DE QUART SECURITE', 'Direction de Développement Durable & Sécurité', 'Maitrise', 'Environnement dans les entreprises', '2019-07-23', '2019-07-25', 55000, 3, 18, 'Séminaire', 'EMEA Tlemcen', 'Hors entreprise', 'Externe', 'Environnement', 'Planifié', '03 Mois', NULL, NULL, NULL, NULL, 3, 160000, '2019-03-01', 3, 54),
(361, 49, '1619', 'GUEDDOUCHE', 'ZAKARIA', 'CHEF SECTION EXPLOITATION MATIÈRES PREMIÈRES', 'Direction de Production', 'Cadre', 'Environnement dans les entreprises', '2019-07-23', '2019-07-25', 55000, 3, 18, 'Séminaire', 'EMEA Tlemcen', 'Hors entreprise', 'Externe', 'Environnement', 'Planifié', '03 Mois', NULL, NULL, NULL, NULL, 3, 160000, '2019-03-01', 3, 54),
(362, 52, '1421', 'AICHOUR', 'LAKHDAR', 'DIRECTEUR DES AFFAIRES JURIDIQUES ET CONTENTIEUX', 'Direction Générale', 'Cadre', 'Management de la Santé et Sécurité au travail selon l’ISO 45001', '2019-07-28', '2019-07-30', 27600, 3, 18, 'Formation', 'EMAE Sétif', 'Hors entreprise', 'Externe', 'Qualité', 'Planifié', '03 Mois', 'Oui', NULL, NULL, NULL, 15, 320000, '2019-08-01', 3, 270),
(363, 52, '1575', 'BOUIMA', 'RIDHA', 'CHEF DE DEPARTEMENT ACHAT', 'Direction des Approvisionnements', 'Cadre', 'Management de la Santé et Sécurité au travail selon l’ISO 45001', '2019-07-28', '2019-07-30', 27600, 3, 18, 'Formation', 'EMAE Sétif', 'Hors entreprise', 'Externe', 'Qualité', 'Planifié', '03 Mois', 'Oui', NULL, NULL, NULL, 15, 320000, '2019-08-01', 3, 270),
(364, 52, '1565', 'CHAKRI', 'MAKHLOUF', 'CHEF DE ZONE CRU', 'Direction de Production', 'Cadre', 'Management de la Santé et Sécurité au travail selon l’ISO 45001', '2019-07-28', '2019-07-30', 27600, 3, 18, 'Formation', 'EMAE Sétif', 'Hors entreprise', 'Externe', 'Qualité', 'Planifié', '03 Mois', 'Oui', NULL, NULL, NULL, 15, 320000, '2019-08-01', 3, 270),
(365, 52, '907', 'BENSEDIRA', 'SIF EDDINE', 'AGENT DE SECURITE INDUSTRIEL', 'Direction de Développement Durable & Sécurité', 'Maitrise', 'Management de la Santé et Sécurité au travail selon l’ISO 45001', '2019-07-28', '2019-07-30', 27600, 3, 18, 'Formation', 'EMAE Sétif', 'Hors entreprise', 'Externe', 'Qualité', 'Planifié', '03 Mois', 'Oui', NULL, NULL, NULL, 15, 320000, '2019-08-01', 3, 270),
(366, 52, '2111', 'KHALED', 'FARES', 'CHEF SERVICE COMPTABILITE ANALYTIQUE', 'Direction des Finances et Budget', 'Cadre', 'Management de la Santé et Sécurité au travail selon l’ISO 45001', '2019-07-28', '2019-07-30', 27600, 3, 18, 'Formation', 'EMAE Sétif', 'Hors entreprise', 'Externe', 'Qualité', 'Planifié', '03 Mois', 'Oui', NULL, NULL, NULL, 15, 320000, '2019-08-01', 3, 270),
(367, 52, '861', 'REGAD', 'SAAD', 'CHEF DE ZONE CIMENTS', 'Direction de Production', 'Cadre', 'Management de la Santé et Sécurité au travail selon l’ISO 45001', '2019-07-28', '2019-07-30', 27600, 3, 18, 'Formation', 'EMAE Sétif', 'Hors entreprise', 'Externe', 'Qualité', 'Planifié', '03 Mois', 'Oui', NULL, NULL, NULL, 15, 320000, '2019-08-01', 3, 270),
(368, 52, '1282', 'MELAB', 'BOUBAKEUR', 'CHEF DE DEPARTEMENT RESSOURCES HUMAINES', 'Direction des Ressources Humaines', 'Cadre', 'Management de la Santé et Sécurité au travail selon l’ISO 45001', '2019-07-28', '2019-07-30', 27600, 3, 18, 'Formation', 'EMAE Sétif', 'Hors entreprise', 'Externe', 'Qualité', 'Planifié', '03 Mois', 'Oui', NULL, NULL, NULL, 15, 320000, '2019-08-01', 3, 270),
(369, 52, '86', 'GHERIB', 'RABAH', 'Chef DPT technologie de l\'information et de la Communication', 'Direction de Développement', 'Cadre', 'Management de la Santé et Sécurité au travail selon l’ISO 45001', '2019-07-28', '2019-07-30', 27600, 3, 18, 'Formation', 'EMAE Sétif', 'Hors entreprise', 'Externe', 'Qualité', 'Planifié', '03 Mois', 'Oui', NULL, NULL, NULL, 15, 320000, '2019-08-01', 3, 270),
(370, 52, '920', 'BOUSSA', 'SALIM', 'CHEF SERVICE INTERVENTION (SECU & ENVIR)', 'Direction de Développement Durable & Sécurité', 'Cadre', 'Management de la Santé et Sécurité au travail selon l’ISO 45001', '2019-07-28', '2019-07-30', 27600, 3, 18, 'Formation', 'EMAE Sétif', 'Hors entreprise', 'Externe', 'Qualité', 'Planifié', '03 Mois', 'Oui', NULL, NULL, NULL, 15, 320000, '2019-08-01', 3, 270),
(371, 52, '877', 'GHEDIA', 'BRAHIM', 'CHEF DE DEPARTEMENT PROCESS ,QUALITE ET ENVIRONNEMENT', 'Direction de Production', 'Cadre', 'Management de la Santé et Sécurité au travail selon l’ISO 45001', '2019-07-28', '2019-07-30', 27600, 3, 18, 'Formation', 'EMAE Sétif', 'Hors entreprise', 'Externe', 'Qualité', 'Planifié', '03 Mois', 'Oui', NULL, NULL, NULL, 15, 320000, '2019-08-01', 3, 270),
(372, 52, '118', 'DAHEL', 'LAKHDAR', 'CHEF DE DEPARTEMENT COMMERCIAL', 'Diretion Commercial & Marketing', 'Cadre', 'Management de la Santé et Sécurité au travail selon l’ISO 45001', '2019-07-28', '2019-07-30', 27600, 3, 18, 'Formation', 'EMAE Sétif', 'Hors entreprise', 'Externe', 'Qualité', 'Planifié', '03 Mois', 'Oui', NULL, NULL, NULL, 15, 320000, '2019-08-01', 3, 270),
(373, 52, '124', 'DIB', 'BADREDIN', 'ASSISTANT PDG NIV II CHARGÉ DE L\'AUDIT', 'Direction Générale', 'Cadre', 'Management de la Santé et Sécurité au travail selon l’ISO 45001', '2019-07-28', '2019-07-30', 27600, 3, 18, 'Formation', 'EMAE Sétif', 'Hors entreprise', 'Externe', 'Qualité', 'Planifié', '03 Mois', 'Oui', NULL, NULL, NULL, 15, 320000, '2019-08-01', 3, 270),
(374, 52, '188', 'AGGOUN', 'SMAIL', 'CHEF DE DEPARTEMENT COMMERCIAL', 'Diretion Commercial & Marketing', 'Cadre', 'Management de la Santé et Sécurité au travail selon l’ISO 45001', '2019-07-28', '2019-07-30', 27600, 3, 18, 'Formation', 'EMAE Sétif', 'Hors entreprise', 'Externe', 'Qualité', 'Planifié', '03 Mois', 'Oui', NULL, NULL, NULL, 15, 320000, '2019-08-01', 3, 270),
(375, 52, '1550', 'CHAABNA', 'AHLEM', 'CHEF SERVICE PREVENTION ET PROTECTION DE L\'ENVIRONNEMENT', 'Direction Générale', 'Cadre', 'Management de la Santé et Sécurité au travail selon l’ISO 45001', '2019-07-28', '2019-07-30', 27600, 3, 18, 'Formation', 'EMAE Sétif', 'Hors entreprise', 'Externe', 'Qualité', 'Planifié', '03 Mois', 'Oui', NULL, NULL, NULL, 15, 320000, '2019-08-01', 3, 270),
(376, 52, '844', 'BENLAKEHAL', 'RIDHA', 'CHEF DE DEPARTEMENT ELECTRICITE ET AUTOMATISME', 'Direction de Production', 'Cadre', 'Management de la Santé et Sécurité au travail selon l’ISO 45001', '2019-07-28', '2019-07-30', 27600, 3, 18, 'Formation', 'EMAE Sétif', 'Hors entreprise', 'Externe', 'Qualité', 'Planifié', '03 Mois', 'Oui', NULL, NULL, NULL, 15, 320000, '2019-08-01', 3, 270),
(377, 18, '1586', 'RAHAL', 'KHEMISSI', 'CHEF SECTION M.G.X', 'Direction des Ressources Humaines', 'Maitrise', 'Gestion des moyens généraux et des polices d’assurances', '2019-08-18', '2019-08-22', 82506, 5, 30, 'Perfectionnement', 'CFIC', 'Hors entreprise', 'CFIC', 'Management', 'Planifié', '03 Mois', 'Oui', NULL, NULL, NULL, 1, 120000, '2019-10-01', 3, 18),
(378, 25, '1701', 'CHOUGUI', 'ABDELAH', 'TECHNICIEN EN ELECTRICITE', 'Direction de Production', 'Maitrise', 'Formation sur l\'habilitation électrique 220/60/11 KV', '2019-08-27', '2019-08-29', 14025, 3, 18, 'Perfectionnement', 'CFIC', 'Intra-entreprise', 'CFIC', 'Sécurité', 'Planifié', '03 Mois', 'Oui', NULL, NULL, NULL, 5, 500000, '2019-03-01', 5, 150),
(379, 25, '1606', 'HESSAD', 'MOHAMMED AMINE', 'COORDINATEUR POSTE', 'Direction de Production', 'Cadre', 'Formation sur l\'habilitation électrique 220/60/11 KV', '2019-08-27', '2019-08-29', 14025, 3, 18, 'Perfectionnement', 'CFIC', 'Intra-entreprise', 'CFIC', 'Sécurité', 'Planifié', '03 Mois', 'Oui', NULL, NULL, NULL, 5, 500000, '2019-03-01', 5, 150),
(380, 25, '1293', 'SAKHRI', 'AZZEDDINE', 'INGENIEUR EN AUTOMATISME', 'Direction de Production', 'Cadre', 'Formation sur l\'habilitation électrique 220/60/11 KV', '2019-08-27', '2019-08-29', 14025, 3, 18, 'Perfectionnement', 'CFIC', 'Intra-entreprise', 'CFIC', 'Sécurité', 'Planifié', '03 Mois', 'Oui', NULL, NULL, NULL, 5, 500000, '2019-03-01', 5, 150),
(381, 25, '1710', 'ARIBA', 'BOUBAKEUR', 'AUTOMATICIEN', 'Direction de Production', 'Maitrise', 'Formation sur l\'habilitation électrique 220/60/11 KV', '2019-08-27', '2019-08-29', 14025, 3, 18, 'Perfectionnement', 'CFIC', 'Intra-entreprise', 'CFIC', 'Sécurité', 'Planifié', '03 Mois', 'Oui', NULL, NULL, NULL, 5, 500000, '2019-03-01', 5, 150),
(382, 25, '1714', 'TEBTOUB', 'MOHAMED LAMINE', 'AUTOMATICIEN', 'Direction de Production', 'Maitrise', 'Formation sur l\'habilitation électrique 220/60/11 KV', '2019-08-27', '2019-08-29', 14025, 3, 18, 'Perfectionnement', 'CFIC', 'Intra-entreprise', 'CFIC', 'Sécurité', 'Planifié', '03 Mois', 'Oui', NULL, NULL, NULL, 5, 500000, '2019-03-01', 5, 150),
(383, 25, '1618', 'BENSTITI', 'LAZHAR', 'TECHNICIEN SUPERIEUR EN ELECTROTECHNIQUE', 'Direction de Production', 'Maitrise', 'Formation sur l\'habilitation électrique 220/60/11 KV', '2019-08-27', '2019-08-29', 14025, 3, 18, 'Perfectionnement', 'CFIC', 'Intra-entreprise', 'CFIC', 'Sécurité', 'Planifié', '03 Mois', 'Oui', NULL, NULL, NULL, 5, 500000, '2019-03-01', 5, 150),
(384, 25, '342', 'AMGHAR', 'NOUREDDINE', 'FACTOTUM', 'Direction de Développement Durable & Sécurité', 'Execution', 'Formation sur l\'habilitation électrique 220/60/11 KV', '2019-08-27', '2019-08-29', 14025, 3, 18, 'Perfectionnement', 'CFIC', 'Intra-entreprise', 'CFIC', 'Sécurité', 'Planifié', '03 Mois', 'Oui', NULL, NULL, NULL, 5, 500000, '2019-03-01', 5, 150),
(385, 25, '1363', 'BOUKEZATA', 'ZAKARYA', 'AGENT DE SECURITE INDUSTRIEL', 'Direction de Développement Durable & Sécurité', 'Execution', 'Formation sur l\'habilitation électrique 220/60/11 KV', '2019-08-27', '2019-08-29', 14025, 3, 18, 'Perfectionnement', 'CFIC', 'Intra-entreprise', 'CFIC', 'Sécurité', 'Planifié', '03 Mois', 'Oui', NULL, NULL, NULL, 5, 500000, '2019-03-01', 5, 150),
(386, 25, '1362', 'BOUTEFAHA', 'ISSAM', 'AGENT DE SECURITE INDUSTRIEL', 'Direction de Développement Durable & Sécurité', 'Execution', 'Formation sur l\'habilitation électrique 220/60/11 KV', '2019-08-27', '2019-08-29', 14025, 3, 18, 'Perfectionnement', 'CFIC', 'Intra-entreprise', 'CFIC', 'Sécurité', 'Planifié', '03 Mois', 'Oui', NULL, NULL, NULL, 5, 500000, '2019-03-01', 5, 150),
(387, 25, '1384', 'NOUARI', 'KHALIL', 'AGENT DE SECURITE INDUSTRIEL', 'Direction de Développement Durable & Sécurité', 'Execution', 'Formation sur l\'habilitation électrique 220/60/11 KV', '2019-08-27', '2019-08-29', 14025, 3, 18, 'Perfectionnement', 'CFIC', 'Intra-entreprise', 'CFIC', 'Sécurité', 'Planifié', '03 Mois', 'Oui', NULL, NULL, NULL, 5, 500000, '2019-03-01', 5, 150),
(388, 25, '1339', 'BENAZIZ', 'SOFIENE', 'AGENT DE SECURITE INDUSTRIEL', 'Direction de Développement Durable & Sécurité', 'Execution', 'Formation sur l\'habilitation électrique 220/60/11 KV', '2019-08-27', '2019-08-29', 14025, 3, 18, 'Perfectionnement', 'CFIC', 'Intra-entreprise', 'CFIC', 'Sécurité', 'Planifié', '03 Mois', 'Oui', NULL, NULL, NULL, 5, 500000, '2019-03-01', 5, 150),
(389, 25, '0', 'TAMINE', 'IMAD', 'ELECTRICIEN', 'Direction de Production', 'Execution', 'Formation sur l\'habilitation électrique 220/60/11 KV', '2019-08-27', '2019-08-29', 14025, 3, 18, 'Perfectionnement', 'CFIC', 'Intra-entreprise', 'CFIC', 'Sécurité', 'Planifié', '03 Mois', 'Oui', NULL, NULL, NULL, 5, 500000, '2019-03-01', 5, 150),
(390, 25, '0', 'BELAAZ', 'SOFIANE', 'ELECTRICIEN', 'Direction de Production', 'Execution', 'Formation sur l\'habilitation électrique 220/60/11 KV', '2019-08-27', '2019-08-29', 14025, 3, 18, 'Perfectionnement', 'CFIC', 'Intra-entreprise', 'CFIC', 'Sécurité', 'Planifié', '03 Mois', 'Oui', NULL, NULL, NULL, 5, 500000, '2019-03-01', 5, 150),
(391, 25, '0', 'AKABI', 'ABDELMADJID', 'ELECTRICIEN', 'Direction de Production', 'Execution', 'Formation sur l\'habilitation électrique 220/60/11 KV', '2019-08-27', '2019-08-29', 14025, 3, 18, 'Perfectionnement', 'CFIC', 'Intra-entreprise', 'CFIC', 'Sécurité', 'Planifié', '03 Mois', 'Oui', NULL, NULL, NULL, 5, 500000, '2019-03-01', 5, 150),
(392, 25, '1315', 'BOUDJENOUIA', 'ABDENOUR', 'AGENT DE SECURITE INDUSTRIEL', 'Direction de Développement Durable & Sécurité', 'Execution', 'Formation sur l\'habilitation électrique 220/60/11 KV', '2019-09-03', '2019-09-05', 14025, 3, 18, 'Perfectionnement', 'CFIC', 'Intra-entreprise', 'CFIC', 'Sécurité', 'Planifié', '03 Mois', 'Oui', NULL, NULL, NULL, 5, 500000, '2019-03-01', 5, 150),
(393, 25, '1693', 'LALAM', 'AMER', 'TECHNICIEN EN AUTOMATISME', 'Direction de Production', 'Maitrise', 'Formation sur l\'habilitation électrique 220/60/11 KV', '2019-09-03', '2019-09-05', 14025, 3, 18, 'Perfectionnement', 'CFIC', 'Intra-entreprise', 'CFIC', 'Sécurité', 'Planifié', '03 Mois', 'Oui', NULL, NULL, NULL, 5, 500000, '2019-03-01', 5, 150),
(394, 25, '1573', 'LATRECHE', 'KARIM', 'CHEF SERVICE AUTOMATISME', 'Direction de Production', 'Cadre', 'Formation sur l\'habilitation électrique 220/60/11 KV', '2019-09-03', '2019-09-05', 14025, 3, 18, 'Perfectionnement', 'CFIC', 'Intra-entreprise', 'CFIC', 'Sécurité', 'Planifié', '03 Mois', 'Oui', NULL, NULL, NULL, 5, 500000, '2019-03-01', 5, 150),
(395, 25, '1292', 'ZEGHMOUR', 'BELKACEM', 'INGENIEUR EN AUTOMATISME', 'Direction de Production', 'Cadre', 'Formation sur l\'habilitation électrique 220/60/11 KV', '2019-09-03', '2019-09-05', 14025, 3, 18, 'Perfectionnement', 'CFIC', 'Intra-entreprise', 'CFIC', 'Sécurité', 'Planifié', '03 Mois', 'Oui', NULL, NULL, NULL, 5, 500000, '2019-03-01', 5, 150),
(396, 25, '1291', 'MAMACHE', 'BILLEL', 'INGENIEUR EN AUTOMATISME', 'Direction de Production', 'Cadre', 'Formation sur l\'habilitation électrique 220/60/11 KV', '2019-09-03', '2019-09-05', 14025, 3, 18, 'Perfectionnement', 'CFIC', 'Intra-entreprise', 'CFIC', 'Sécurité', 'Planifié', '03 Mois', 'Oui', NULL, NULL, NULL, 5, 500000, '2019-03-01', 5, 150),
(397, 25, '1659', 'GUERGOUR', 'SABER', 'ELECTRICIEN INDUSTRIEL', 'Direction de Production', 'Maitrise', 'Formation sur l\'habilitation électrique 220/60/11 KV', '2019-09-03', '2019-09-05', 14025, 3, 18, 'Perfectionnement', 'CFIC', 'Intra-entreprise', 'CFIC', 'Sécurité', 'Planifié', '03 Mois', 'Oui', NULL, NULL, NULL, 5, 500000, '2019-03-01', 5, 150),
(398, 25, '1709', 'MAAZOU', 'IMED EDDINE', 'TECHNICIEN EN ELECTRICITE', 'Direction de Production', 'Maitrise', 'Formation sur l\'habilitation électrique 220/60/11 KV', '2019-09-03', '2019-09-05', 14025, 3, 18, 'Perfectionnement', 'CFIC', 'Intra-entreprise', 'CFIC', 'Sécurité', 'Planifié', '03 Mois', 'Oui', NULL, NULL, NULL, 5, 500000, '2019-03-01', 5, 150),
(399, 25, '1671', 'DILMI', 'SALAH EDDINE', 'INGENIEUR EN MECANIQUE', 'Direction de Production', 'Cadre', 'Formation sur l\'habilitation électrique 220/60/11 KV', '2019-09-03', '2019-09-05', 14025, 3, 18, 'Perfectionnement', 'CFIC', 'Intra-entreprise', 'CFIC', 'Sécurité', 'Planifié', '03 Mois', 'Oui', NULL, NULL, NULL, 5, 500000, '2019-03-01', 5, 150),
(400, 25, '1640', 'TORCHI', 'AMOR', 'TECHNICIEN SUPERIEUR EN ELECTROTECHNIQUE', 'Direction de Production', 'Maitrise', 'Formation sur l\'habilitation électrique 220/60/11 KV', '2019-09-03', '2019-09-05', 14025, 3, 18, 'Perfectionnement', 'CFIC', 'Intra-entreprise', 'CFIC', 'Sécurité', 'Planifié', '03 Mois', 'Oui', NULL, NULL, NULL, 5, 500000, '2019-03-01', 5, 150),
(401, 25, '1549', 'HADDAR', 'ABDERRAZEK', 'INGENIEUR EN ELECTROTECHNIQUE', 'Direction de Production', 'Cadre', 'Formation sur l\'habilitation électrique 220/60/11 KV', '2019-09-03', '2019-09-05', 14025, 3, 18, 'Perfectionnement', 'CFIC', 'Intra-entreprise', 'CFIC', 'Sécurité', 'Planifié', '03 Mois', 'Oui', NULL, NULL, NULL, 5, 500000, '2019-03-01', 5, 150),
(402, 25, '1340', 'DJAREF', 'BILLEL', 'AGENT DE SECURITE INDUSTRIEL', 'Direction de Développement Durable & Sécurité', 'Execution', 'Formation sur l\'habilitation électrique 220/60/11 KV', '2019-09-03', '2019-09-05', 14025, 3, 18, 'Perfectionnement', 'CFIC', 'Intra-entreprise', 'CFIC', 'Sécurité', 'Planifié', '03 Mois', 'Oui', NULL, NULL, NULL, 5, 500000, '2019-03-01', 5, 150),
(403, 25, '1361', 'BOULIL', 'MOHAMED', 'AGENT DE SECURITE INDUSTRIEL', 'Direction de Développement Durable & Sécurité', 'Execution', 'Formation sur l\'habilitation électrique 220/60/11 KV', '2019-09-03', '2019-09-05', 14025, 3, 18, 'Perfectionnement', 'CFIC', 'Intra-entreprise', 'CFIC', 'Sécurité', 'Planifié', '03 Mois', 'Oui', NULL, NULL, NULL, 5, 500000, '2019-03-01', 5, 150),
(404, 25, '1364', 'ZOKRAMI', 'ABDELKRIM', 'AGENT DE SECURITE INDUSTRIEL', 'Direction de Développement Durable & Sécurité', 'Execution', 'Formation sur l\'habilitation électrique 220/60/11 KV', '2019-09-03', '2019-09-05', 14025, 3, 18, 'Perfectionnement', 'CFIC', 'Intra-entreprise', 'CFIC', 'Sécurité', 'Planifié', '03 Mois', 'Oui', NULL, NULL, NULL, 5, 500000, '2019-03-01', 5, 150),
(405, 25, '0', 'BENCHIKH LHOUCINE', 'ADIB', 'ELECTRICIEN', 'Direction de Production', 'Execution', 'Formation sur l\'habilitation électrique 220/60/11 KV', '2019-09-03', '2019-09-05', 14025, 3, 18, 'Perfectionnement', 'CFIC', 'Intra-entreprise', 'CFIC', 'Sécurité', 'Planifié', '03 Mois', 'Oui', NULL, NULL, NULL, 5, 500000, '2019-03-01', 5, 150),
(406, 75, '513', 'BELARBI', 'KOUIDER', 'CHEF SERVICE CONTROLE QUALITE', 'Direction de Production', 'Cadre', 'Métrologie dans l\'entreprise et le laboratoire : les fondamentaux', '2019-09-22', '2019-09-24', 88605, 3, 18, 'Formation', 'ESG Alger', 'Hors entreprise', 'Externe', 'Technique', 'Hors Plan', '0', NULL, NULL, NULL, NULL, 0, 0, NULL, 0, 0),
(407, 75, '509', 'BOUGHELALA', 'ALI', 'CHEF SERVICE CONTROLE QUALITE', 'Direction de Production', 'Cadre', 'Métrologie dans l\'entreprise et le laboratoire : les fondamentaux', '2019-09-22', '2019-09-24', 88605, 3, 18, 'Formation', 'ESG Alger', 'Hors entreprise', 'Externe', 'Technique', 'Hors Plan', '0', NULL, NULL, NULL, NULL, 0, 0, NULL, 0, 0),
(408, 76, '487', 'KHABER', 'LAID', 'PRESIDENT DIRECTEUR GENERAL (C.D.P)', 'Direction Générale', 'Cadre', 'Journée technique agents de moutures SIKA', '2019-09-29', '2019-09-30', 0, 2, 12, 'Séminaire', 'CETIM', 'Hors entreprise', 'Externe', 'Technique', 'Hors Plan', '0', NULL, NULL, NULL, NULL, 0, 0, NULL, 0, 0),
(409, 76, '508', 'RACHEDI', 'HICHEM', 'DIRECTEUR DE PRODUCTION (C.D)', 'Direction Générale', 'Cadre', 'Journée technique agents de moutures SIKA', '2019-09-29', '2019-09-30', 0, 2, 12, 'Séminaire', 'CETIM', 'Hors entreprise', 'Externe', 'Technique', 'Hors Plan', '0', NULL, NULL, NULL, NULL, 0, 0, NULL, 0, 0),
(410, 76, '718', 'KHAOUNI', 'FARES', 'DIRECTEUR APPROVISIONNEMENTS', 'Direction Générale', 'Cadre', 'Journée technique agents de moutures SIKA', '2019-09-29', '2019-09-30', 0, 2, 12, 'Séminaire', 'CETIM', 'Hors entreprise', 'Externe', 'Technique', 'Hors Plan', '0', NULL, NULL, NULL, NULL, 0, 0, NULL, 0, 0),
(411, 51, '1421', 'AICHOUR', 'LAKHDAR', 'DIRECTEUR DES AFFAIRES JURIDIQUES ET CONTENTIEUX', 'Direction Générale', 'Cadre', 'Formation et sensibilisation sur la norme API Q1', '2019-09-23', '2019-09-25', 62108, 3, 18, 'Formation', 'EMAE Sétif', 'Hors entreprise', 'Externe', 'Qualité', 'Planifié', '03 Mois', 'Oui', NULL, NULL, NULL, 10, 400000, '2019-05-01', 4, 240),
(412, 51, '86', 'GHERIB', 'RABAH', 'Chef DPT technologie de l\'information et de la Communication', 'Direction de Développement', 'Cadre', 'Formation et sensibilisation sur la norme API Q1', '2019-09-23', '2019-09-25', 62108, 3, 18, 'Formation', 'EMAE Sétif', 'Hors entreprise', 'Externe', 'Qualité', 'Planifié', '03 Mois', 'Oui', NULL, NULL, NULL, 10, 400000, '2019-05-01', 4, 240),
(413, 51, '844', 'BENLAKEHAL', 'RIDHA', 'CHEF DE DEPARTEMENT ELECTRICITE ET AUTOMATISME', 'Direction de Production', 'Cadre', 'Formation et sensibilisation sur la norme API Q1', '2019-09-23', '2019-09-25', 62108, 3, 18, 'Formation', 'EMAE Sétif', 'Hors entreprise', 'Externe', 'Qualité', 'Planifié', '03 Mois', 'Oui', NULL, NULL, NULL, 10, 400000, '2019-05-01', 4, 240),
(414, 51, '718', 'KHAOUNI', 'FARES', 'DIRECTEUR APPROVISIONNEMENTS', 'Direction Générale', 'Cadre', 'Formation et sensibilisation sur la norme API Q1', '2019-09-23', '2019-09-25', 62108, 3, 18, 'Formation', 'EMAE Sétif', 'Hors entreprise', 'Externe', 'Qualité', 'Planifié', '03 Mois', 'Oui', NULL, NULL, NULL, 10, 400000, '2019-05-01', 4, 240),
(415, 51, '878', 'BRAHIMI', 'AISSA', 'CHEF DE DEPARTEMENT MATIERES PREMIERES', 'Direction de Production', 'Cadre', 'Formation et sensibilisation sur la norme API Q1', '2019-09-23', '2019-09-25', 62108, 3, 18, 'Formation', 'EMAE Sétif', 'Hors entreprise', 'Externe', 'Qualité', 'Planifié', '03 Mois', 'Oui', NULL, NULL, NULL, 10, 400000, '2019-05-01', 4, 240),
(416, 51, '879', 'BECIR', 'FOUDIL', 'CHEF DE DEPARTEMENT MECANIQUE INDUSTRIELLE', 'Direction de Production', 'Cadre', 'Formation et sensibilisation sur la norme API Q1', '2019-09-23', '2019-09-25', 62108, 3, 18, 'Formation', 'EMAE Sétif', 'Hors entreprise', 'Externe', 'Qualité', 'Planifié', '03 Mois', 'Oui', NULL, NULL, NULL, 10, 400000, '2019-05-01', 4, 240),
(417, 51, '866', 'MERIKHI', 'DJALEL', 'CHEF DEPARTEMENT DES PROJETS', 'Direction de Développement', 'Cadre', 'Formation et sensibilisation sur la norme API Q1', '2019-09-23', '2019-09-25', 62108, 3, 18, 'Formation', 'EMAE Sétif', 'Hors entreprise', 'Externe', 'Qualité', 'Planifié', '03 Mois', 'Oui', NULL, NULL, NULL, 10, 400000, '2019-05-01', 4, 240),
(418, 51, '171', 'BOUKAROURA', 'ZOHEIR', 'CHEF DE DEPARTEMENT FINANCES ET BUDGET', 'Direction des Finances et Budget', 'Cadre', 'Formation et sensibilisation sur la norme API Q1', '2019-09-23', '2019-09-25', 62108, 3, 18, 'Formation', 'EMAE Sétif', 'Hors entreprise', 'Externe', 'Qualité', 'Planifié', '03 Mois', 'Oui', NULL, NULL, NULL, 10, 400000, '2019-05-01', 4, 240),
(419, 51, '1342', 'DJERRAD', 'ABDELMOUMENE', 'ASSISTANT PDG NIV III CHARGÉ DU CONTRÔLE DE GESTION', 'Direction Générale', 'Cadre', 'Formation et sensibilisation sur la norme API Q1', '2019-09-23', '2019-09-25', 62108, 3, 18, 'Formation', 'EMAE Sétif', 'Hors entreprise', 'Externe', 'Qualité', 'Planifié', '03 Mois', 'Oui', NULL, NULL, NULL, 10, 400000, '2019-05-01', 4, 240),
(420, 51, '843', 'MADANI', 'NOUREDDINE', 'CHEF DE DEPARTEMENT FABRICATION', 'Direction de Production', 'Cadre', 'Formation et sensibilisation sur la norme API Q1', '2019-09-23', '2019-09-25', 62108, 3, 18, 'Formation', 'EMAE Sétif', 'Hors entreprise', 'Externe', 'Qualité', 'Planifié', '03 Mois', 'Oui', NULL, NULL, NULL, 10, 400000, '2019-05-01', 4, 240),
(421, 51, '512', 'LEKDIM', 'MUSTAPHA', 'ASSISTANT PDG NIV. I', 'Direction Générale', 'Cadre', 'Formation et sensibilisation sur la norme API Q1', '2019-09-23', '2019-09-25', 62108, 3, 18, 'Formation', 'EMAE Sétif', 'Hors entreprise', 'Externe', 'Qualité', 'Planifié', '03 Mois', 'Oui', NULL, NULL, NULL, 10, 400000, '2019-05-01', 4, 240),
(422, 51, '1575', 'BOUIMA', 'RIDHA', 'CHEF DE DEPARTEMENT ACHAT', 'Direction des Approvisionnements', 'Cadre', 'Formation et sensibilisation sur la norme API Q1', '2019-09-23', '2019-09-25', 62108, 3, 18, 'Formation', 'EMAE Sétif', 'Hors entreprise', 'Externe', 'Qualité', 'Planifié', '03 Mois', 'Oui', NULL, NULL, NULL, 10, 400000, '2019-05-01', 4, 240),
(423, 51, '877', 'GHEDIA', 'BRAHIM', 'CHEF DE DEPARTEMENT PROCESS ,QUALITE ET ENVIRONNEMENT', 'Direction de Production', 'Cadre', 'Formation et sensibilisation sur la norme API Q1', '2019-09-23', '2019-09-25', 62108, 3, 18, 'Formation', 'EMAE Sétif', 'Hors entreprise', 'Externe', 'Qualité', 'Planifié', '03 Mois', 'Oui', NULL, NULL, NULL, 10, 400000, '2019-05-01', 4, 240),
(424, 51, '920', 'BOUSSA', 'SALIM', 'CHEF SERVICE INTERVENTION (SECU & ENVIR)', 'Direction de Développement Durable & Sécurité', 'Cadre', 'Formation et sensibilisation sur la norme API Q1', '2019-09-23', '2019-09-25', 62108, 3, 18, 'Formation', 'EMAE Sétif', 'Hors entreprise', 'Externe', 'Qualité', 'Planifié', '03 Mois', 'Oui', NULL, NULL, NULL, 10, 400000, '2019-05-01', 4, 240),
(425, 51, '188', 'AGGOUN', 'SMAIL', 'CHEF DE DEPARTEMENT COMMERCIAL', 'Diretion Commercial & Marketing', 'Cadre', 'Formation et sensibilisation sur la norme API Q1', '2019-09-23', '2019-09-25', 62108, 3, 18, 'Formation', 'EMAE Sétif', 'Hors entreprise', 'Externe', 'Qualité', 'Planifié', '03 Mois', 'Oui', NULL, NULL, NULL, 10, 400000, '2019-05-01', 4, 240),
(426, 51, '845', 'ADJISSI', 'FOUED', 'CHEF DEPARTEMENT ELECTRICITE P/I', 'Direction de Production', 'Cadre', 'Formation et sensibilisation sur la norme API Q1', '2019-09-23', '2019-09-25', 62108, 3, 18, 'Formation', 'EMAE Sétif', 'Hors entreprise', 'Externe', 'Qualité', 'Planifié', '03 Mois', 'Oui', NULL, NULL, NULL, 10, 400000, '2019-05-01', 4, 240),
(427, 51, '122', 'HARFOUCHE', 'MOHAND OULHOCINE', 'DIRECTEUR FINANCES ET BUDGET (C.D)', 'Direction Générale', 'Cadre', 'Formation et sensibilisation sur la norme API Q1', '2019-09-23', '2019-09-25', 62108, 3, 18, 'Formation', 'EMAE Sétif', 'Hors entreprise', 'Externe', 'Qualité', 'Planifié', '03 Mois', 'Oui', NULL, NULL, NULL, 10, 400000, '2019-05-01', 4, 240),
(428, 51, '15', 'LARBAOUI', 'EMBAREK', 'ASSISTANT PDG NIV. I', 'Direction Générale', 'Cadre', 'Formation et sensibilisation sur la norme API Q1', '2019-09-23', '2019-09-25', 62108, 3, 18, 'Formation', 'EMAE Sétif', 'Hors entreprise', 'Externe', 'Qualité', 'Planifié', '03 Mois', 'Oui', NULL, NULL, NULL, 10, 400000, '2019-05-01', 4, 240),
(429, 51, '118', 'DAHEL', 'LAKHDAR', 'CHEF DE DEPARTEMENT COMMERCIAL', 'Diretion Commercial & Marketing', 'Cadre', 'Formation et sensibilisation sur la norme API Q1', '2019-09-23', '2019-09-25', 62108, 3, 18, 'Formation', 'EMAE Sétif', 'Hors entreprise', 'Externe', 'Qualité', 'Planifié', '03 Mois', 'Oui', NULL, NULL, NULL, 10, 400000, '2019-05-01', 4, 240),
(430, 51, '124', 'DIB', 'BADREDIN', 'ASSISTANT PDG NIV II CHARGÉ DE L\'AUDIT', 'Direction Générale', 'Cadre', 'Formation et sensibilisation sur la norme API Q1', '2019-09-23', '2019-09-25', 62108, 3, 18, 'Formation', 'EMAE Sétif', 'Hors entreprise', 'Externe', 'Qualité', 'Planifié', '03 Mois', 'Oui', NULL, NULL, NULL, 10, 400000, '2019-05-01', 4, 240),
(431, 51, '847', 'LEKOUGHET', 'MUSTAPHA', 'CHEF DE DEPARTEMENT ETUDES ET METHODES', 'Direction de Production', 'Cadre', 'Formation et sensibilisation sur la norme API Q1', '2019-09-23', '2019-09-25', 62108, 3, 18, 'Formation', 'EMAE Sétif', 'Hors entreprise', 'Externe', 'Qualité', 'Planifié', '03 Mois', 'Oui', NULL, NULL, NULL, 10, 400000, '2019-05-01', 4, 240),
(432, 51, '1282', 'MELAB', 'BOUBAKEUR', 'CHEF DE DEPARTEMENT RESSOURCES HUMAINES', 'Direction des Ressources Humaines', 'Cadre', 'Formation et sensibilisation sur la norme API Q1', '2019-09-23', '2019-09-25', 62108, 3, 18, 'Formation', 'EMAE Sétif', 'Hors entreprise', 'Externe', 'Qualité', 'Planifié', '03 Mois', 'Oui', NULL, NULL, NULL, 10, 400000, '2019-05-01', 4, 240),
(433, 51, '1550', 'CHAABNA', 'AHLEM', 'CHEF SERVICE PREVENTION ET PROTECTION DE L\'ENVIRONNEMENT', 'Direction Générale', 'Cadre', 'Formation et sensibilisation sur la norme API Q1', '2019-09-23', '2019-09-25', 62108, 3, 18, 'Formation', 'EMAE Sétif', 'Hors entreprise', 'Externe', 'Qualité', 'Planifié', '03 Mois', 'Oui', NULL, NULL, NULL, 10, 400000, '2019-05-01', 4, 240);

-- --------------------------------------------------------

--
-- Table structure for table `type_emploi`
--

CREATE TABLE `type_emploi` (
  `Type_Emploi` varchar(255) DEFAULT NULL
) ENGINE=InnoDB DEFAULT CHARSET=utf8;

--
-- Dumping data for table `type_emploi`
--

INSERT INTO `type_emploi` (`Type_Emploi`) VALUES
('CDD'),
('CDI'),
('CTA');

-- --------------------------------------------------------

--
-- Table structure for table `type_formation`
--

CREATE TABLE `type_formation` (
  `Type_formation` varchar(255) DEFAULT NULL
) ENGINE=InnoDB DEFAULT CHARSET=utf8;

--
-- Dumping data for table `type_formation`
--

INSERT INTO `type_formation` (`Type_formation`) VALUES
('Séminaire'),
('Formation'),
('Perfectionnement'),
('Sensibilisation');

-- --------------------------------------------------------

--
-- Table structure for table `type_formation_2`
--

CREATE TABLE `type_formation_2` (
  `Type_formation_2` varchar(255) DEFAULT NULL
) ENGINE=InnoDB DEFAULT CHARSET=utf8;

--
-- Dumping data for table `type_formation_2`
--

INSERT INTO `type_formation_2` (`Type_formation_2`) VALUES
('Environnement'),
('Management'),
('Qualité'),
('Sécurité'),
('Technique');

--
-- Indexes for dumped tables
--

--
-- Indexes for table `actions_non_planif`
--
ALTER TABLE `actions_non_planif`
  ADD PRIMARY KEY (`N`);

--
-- Indexes for table `actions_planif`
--
ALTER TABLE `actions_planif`
  ADD PRIMARY KEY (`N`);

--
-- Indexes for table `personnel`
--
ALTER TABLE `personnel`
  ADD PRIMARY KEY (`Matricule`);

--
-- Indexes for table `suivi_actions`
--
ALTER TABLE `suivi_actions`
  ADD PRIMARY KEY (`N`);

--
-- AUTO_INCREMENT for dumped tables
--

--
-- AUTO_INCREMENT for table `suivi_actions`
--
ALTER TABLE `suivi_actions`
  MODIFY `N` int(11) NOT NULL AUTO_INCREMENT, AUTO_INCREMENT=441;
COMMIT;

/*!40101 SET CHARACTER_SET_CLIENT=@OLD_CHARACTER_SET_CLIENT */;
/*!40101 SET CHARACTER_SET_RESULTS=@OLD_CHARACTER_SET_RESULTS */;
/*!40101 SET COLLATION_CONNECTION=@OLD_COLLATION_CONNECTION */;
